C(ours，智能调整投资额),C（保守派，I小范围波动）,C（激进派，每次投资额为最高无风险投资额的1.2倍）,C（失去理智派，每次投资额恒定为5）
1,1,1,1
3.458618361047529,4.05398,2.367133,0.7500000000000001
5.517147716709324,6.679054223786771,2.4326375206324604,0.38873922729846416
7.808254077534749,9.511585057,2.859917022,0.040258477865705355
10.119608050194588,12.337443630137898,2.9164762888818143,-0.310694079
12.451200845723426,15.156664690399676,3.0355220187760215,-0.663396886
14.803022391063921,17.969282879291193,3.0659174243908853,-1.023851233
17.17506135280224,20.775332725157366,3.1096157957769393,-1.391594033
19.567305160643983,23.57484863791407,3.131947835870941,-1.770442096
21.979740030627912,26.36786490346563,3.157157016588494,-2.160679849
24.412350988075033,29.154415678173784,3.1771223379794624,-2.569906038
26.865121890271073,31.934534983383912,3.1976814441705628,-3.00014994
29.33803544888058,34.70825670001437,3.216895267799822,-3.459978292
31.83107325209126,37.47561456321457,3.2361873685822204,-3.950112239
34.344215786487425,40.23664215709752,3.2550857789298835,-4.48031723
36.87744245865164,42.991372909552275,3.2739418473124995,-5.05367758
39.43073161649405,45.73984008714186,3.2926383511381556,-5.679920269
42.00406057030894,48.48207679009198,3.311262914537687,-6.373444022
44.59740561355845,51.218115947375836,3.3297857268578497,-7.137892916
47.21074204338352,53.94799031190014,3.3482287671953785,-8.000797114
49.84404418084226,56.67173246,3.366584190420187,-8.967115855
52.49728539087637,59.389374765830034,3.3848574616400073,-10.06129556
55.17043810200611,62.10094943890903,3.403046380737836,-11.29750961
57.86347383,64.80648847773548,3.421152232249374,-12.71870399
60.57636317580317,67.50602368656587,3.4391743153713072,-14.34421991
63.309075886876656,70.19958666710777,3.4571128659699757,-16.14561982
66.06158083336351,72.88720881454961,3.4749676093131794,-17.92349579
68.83384604766856,75.56892131372855,3.4927385360499597,-19.69574881
71.62583873830205,78.24475513544068,3.5104255135806763,-21.44765879
74.43752530770587,80.91474103289727,3.5280284946241243,-23.19064172
77.26887136981871,83.57890954,3.545547411121454,-24.93398455
80.11984176738217,86.23729096,3.562982230757967,-26.66763427
82.99040058898947,88.88991537787786,3.580332927327022,-28.39528559
85.88051118587897,91.53681264318364,3.5975994959776916,-30.09749292
88.79013619,94.17801237316583,3.6147819445647875,-31.78972882
91.71923752267409,96.81354394973486,3.631880297557652,-33.47332801
94.66777643,99.44343651679078,3.6488945932401875,-35.13951738
97.63571346284748,102.0677189779675,3.6658248844769794,-36.79342851
100.62300854112256,104.68641999455045,3.6826712375780057,-38.44476092
103.62962092646141,107.29956798356967,3.6994337321949584,-40.07939682
106.6555092578422,109.90719111607046,3.7161124606777287,-41.71410554
109.70063156230702,112.50931731556314,3.732707527738808,-43.33254711
112.7649452695581,115.10597425665374,3.749219049968154,-44.95024261
115.84840722632171,117.69718936385695,3.7656471554464663,-46.554213
118.95097371048273,120.28298981059241,3.7819919833219635,-48.13799841
122.07260044499198,122.8634025183655,3.7982536834239395,-49.72460131
125.21324261154923,125.43845415613342,3.814432416,-51.30023886
128.3728548640644,128.0081711398571,3.8305283507078163,-52.85484629
131.5513913418994,130.5725796322395,3.846541667521938,-54.39660669
134.74880568289348,133.13170554265037,3.8624725551073182,-55.93853194
137.9650510361746,135.68557452723772,3.878321211110425,-57.45594404
141.20008007475943,138.23421198922554,3.894087841696891,-58.96481326
144.45384500794464,140.77764307939762,3.9097726612252894,-60.45839163
147.72629759349218,143.31589269676692,3.925375891930191,-61.96311234
151.0173891496112,145.84898548942957,3.940897763613908,-63.45462101
154.3270705667391,148.3769458556026,3.9563385133469433,-64.93740606
157.65529231912447,150.8997979448444,3.9716983851767935,-66.41251683
161.00200447621455,153.41756565945636,3.9869776298449935,-67.86888283
164.36715671384985,155.93027265606403,4.002176505,-69.31862427
167.75069832526836,158.43794234737658,4.017295272490788,-70.74649389
171.1525782319222,160.94059790412197,4.032334202985828,-72.16394494
174.5727449941092,163.4382622571561,4.047293570842466,-73.58774658
178.0111468214218,165.93095809974363,4.062173656301335,-74.99632331
181.4677315830161,168.41870789000762,4.076974744760686,-76.39818168
184.94244681770363,170.90153385354577,4.091697126545494,-77.7965237
188.43523974386787,173.37945798620996,4.106341096683252,-79.18168088
191.94605726920878,175.85250205704625,4.120906954686308,-80.55511979
195.4748460003171,178.32068761139217,4.135395004340587,-81.91946787
199.02155225208145,180.7840359741276,4.149805553500514,-83.26687932
202.58612205693044,183.2425682530758,4.164138913889989,-84.59676035
206.16850117391195,185.69630534255106,4.178395400909261,-85.92987237
209.7686350976127,188.14526792704854,4.192575333447544,-87.24704691
213.38646906691972,190.58947648507268,4.206679033701224,-88.5611624
217.02194807362648,193.02895129309965,4.220706827,-89.88017622
220.6750168708861,195.46371242966947,4.2346590416234005,-91.17087123
224.34561998151375,197.89377977960334,4.248536008659801,-92.44708914
228.03370170614045,200.31917303834135,4.262338061820682,-93.72148586
231.73920613122084,202.73991171639585,4.2760655372971215,-94.98745157
235.46207713689702,205.1560151439153,4.289718773606133,-96.25648722
239.20225840472054,207.56750247535368,4.303298111444105,-97.51347653
242.95969342523486,209.97439269423995,4.316803893544787,-98.76921408
246.73432550542063,212.37670461804254,4.3302364645416365,-100.0125043
250.52609777600543,214.77445690312302,4.343596170834482,-101.2387812
254.33495319864073,217.16766804977357,4.3568833604603086,-102.4699851
258.1608345729475,219.55635640733243,4.370098382968125,-103.6712671
262.0036845434333,221.9405401793715,4.3832415892977465,-104.8592303
265.86344560628174,224.3202374289504,4.3963133316624265,-106.0409676
269.74006011601796,226.69546608393057,4.409313963435215,-107.2356038
273.63347029205045,229.06624394234376,4.422243839,-108.4131231
277.5436182250922,231.4325886778086,4.435103313839711,-109.5721092
281.47044588346284,233.79451784498892,4.4478927440438785,-110.7344326
285.4138951192738,236.15204888508762,4.460612486598299,-111.8765512
289.3739076744978,238.50519913136998,4.473262899093871,-113.0292641
293.35042518692563,240.85398581470957,4.485844339672219,-114.1651933
297.34338919601095,243.19842606915086,4.498357166935442,-115.290756
301.35274114860533,245.5385369374815,4.510801739858847,-116.4054661
305.3784224045858,247.87433537680855,4.523178418,-117.5237277
309.42037424237583,250.20583826413133,4.535487559950168,-118.6245389
313.4785379,252.53306240190517,4.547729526189537,-119.7076491
317.5528544,254.85602452358899,4.559904676077066,-120.7838906
321.64326492206766,257.1747412991705,4.572013369243949,-121.8825136
325.7497104296982,259.4892293406625,4.5840559652291955,-122.9714786
329.8721318754765,261.79950520756415,4.596032823411049,-124.0451739
334.01047015931834,264.1055854122797,4.607944302940789,-125.0953898
338.1646661355039,266.4074864,4.6197907626788535,-126.1635644
342.3346606174099,268.70522468146896,4.631572561,-127.2171711
346.52039438215024,270.99881658333965,4.643290056399804,-128.2609245
350.7218082,273.2882785082631,4.654943606105421,-129.2872354
354.93884271449303,275.57362681255455,4.666533567352216,-130.2994174
359.1714386955272,277.85487783672016,4.6780602966645315,-131.2975017
363.41953679492474,280.13204791040897,4.689524149937554,-132.3182498
367.6830776750033,282.4051533572739,4.700925482387872,-133.3148288
371.9620019878261,284.67421049973586,4.712264648505872,-134.2944431
376.2562503792444,286.9392356636462,4.723542002009911,-135.2705841
380.5657634928595,289.2002451828404,4.7347578958022325,-136.2497751
384.8904819739067,291.4572554035795,4.745912681926539,-137.2063259
389.23034647306156,293.7102826888725,4.7570067115272305,-138.1816502
393.58529765017084,295.9593434226754,4.768040334810193,-139.1460435
397.9552761779083,298.20445401396154,4.779013901005156,-140.1017942
402.34022274535727,300.4456309,4.789927758329522,-141.0392989
406.7400780615214,302.68289055344957,4.800782253953657,-141.9772925
411.15478285876395,304.9162494794254,4.811577733967588,-142.9065537
415.5842778961779,307.1457242255993,4.822314543349061,-143.8313775
420.0285039628874,309.3713313822635,4.8329930259329466,-144.7269868
424.4874018812816,311.5930875861945,4.843613524381895,-145.6286656
428.96091251018277,313.8110095236985,4.854176380158285,-146.5085866
433.4489767479489,316.0251139334955,4.864681933497349,-147.399546
437.95153553551273,318.23541760943783,4.875130523381499,-148.2771068
442.46852985935755,320.44193740306014,4.885522487515783,-149.14041
446.9999007544314,322.64469022595813,4.895858162304447,-149.9952334
451.5455893070006,324.84369305199317,4.906137882828583,-150.8627765
456.1055366574437,327.0389629193205,4.9163619828248075,-151.7067555
460.67968400298605,329.2305169322387,4.926530794664963,-152.5746295
465.26797260037785,331.41837226285804,4.936644649336784,-153.421913
469.8703437685145,333.6025462,4.946703876425535,-154.2530359
474.48673889100183,335.78305591343417,4.956708804096553,-155.0875647
479.11709941866656,337.9599189291248,4.966659759078692,-155.8922156
483.76136687201256,340.13315265603114,4.976557066648636,-156.7288829
488.4194828436249,342.30277462391547,4.986401050616048,-157.5394391
493.0913890005213,344.4688024,4.996192033309541,-158.3560201
497.77702708645296,346.63125377175885,5.005930335563428,-159.1370993
502.47633892415496,348.79014638224635,5.0156162767052495,-159.9286164
507.1892664175476,350.94549809493753,5.025250174544038,-160.7139629
511.91575155388915,353.09732681110546,5.034832345359292,-161.5117809
516.6557364058808,355.24565050592156,5.044363103890669,-162.2879599
521.4091631337252,357.3904872278843,5.053842763328325,-163.0537575
526.1759739871388,359.53185509806286,5.063271635303938,-163.804594
530.9561210747355,361.66977230915654,5.072650029882328,-164.5519717
535.7495565917225,363.80425712437204,5.081978255553735,-165.3012448
540.5562328212761,365.93532787611986,5.091256619226645,-166.0409154
545.3761021358846,368.06300296453213,5.1004854262212245,-166.7566146
550.2091169986574,370.1873008558041,5.109664980263294,-167.5007939
555.0552299646024,372.3082400803616,5.118795583478849,-168.2420082
559.9143936818716,374.4258392308573,5.127881530795023,-168.9446169
564.7865608929757,376.54011695999867,5.1369223526904415,-169.6591624
569.6716844359673,378.65109197821016,5.145919818288587,-170.3484363
574.5697172455955,380.75878305113423,5.1548736517053095,-171.0563335
579.4806123544295,382.86320899697307,5.163784722407123,-171.7413097
584.4043228939541,384.96438868367596,5.172652983505657,-172.436998
589.3408020956368,387.0623410259756,5.181478952119392,-173.1298745
594.2900032919658,389.15708498227764,5.190262722841165,-173.8188439
599.2518799174621,391.2486395514072,5.199004663292097,-174.4729313
604.2263855096636,393.3370237692178,5.207704942360254,-175.1570407
609.2134737100829,395.42225670506605,5.216363860005614,-175.8050911
614.2130982651393,397.5043574581577,5.224981621203525,-176.4388888
619.2252130270649,399.5833451537697,5.233558493458166,-177.0900933
624.2497719547862,401.6592389,5.242094698111885,-177.7274946
629.2867291147802,403.7320579805215,5.250590486037098,-178.3798883
634.3360386819071,405.80182145693294,5.259046085161619,-179.0258229
639.3976549402188,407.86854855806564,5.267461737044517,-179.6441766
644.4715322837443,409.9322584788986,5.275837671429344,-180.2857398
649.5576252172518,411.99297041549886,5.284174124010982,-180.8919582
654.6558883569888,414.0507036,5.2924713240392665,-181.5029087
659.7662764,416.1054770986381,5.3007295029931205,-182.0966998
664.8887442818232,418.1573102018679,5.308948888514176,-182.7160999
670.0232469,420.2062220248708,5.317129708663024,-183.2949876
675.1697392445501,422.25223170015494,5.3252721889374675,-183.8630639
680.3303147516814,424.2953583332373,5.333376554371795,-184.4437258
685.5116828224219,426.3356209977523,5.341443028,-185.0447657
690.7137342992897,428.3730387305163,5.349471832223314,-185.6360026
695.9363606403871,430.40763052655484,5.357463187428915,-186.2154862
701.1794539166547,432.43941533409753,5.365417313162411,-186.7964195
706.4429068091362,434.46841204954876,5.3733344274400965,-187.3723856
711.7266126062519,436.49463951243877,5.381214747075939,-187.9258736
717.0304652010824,438.5181165003626,5.389058487502592,-188.4648336
722.3543590886612,440.53886172391276,5.396865862904839,-189.0200222
727.6981893632783,442.5568938216117,5.404637086131676,-189.5650535
733.0618517157927,444.57223135485117,5.4123723687657685,-190.0916027
738.4452424309555,446.58489280284385,5.420071921,-190.6000543
743.8482583847423,448.59489655759404,5.4277359520812105,-191.1342389
749.270797,450.6022609188936,5.435364669,-191.6406829
754.7127564522802,452.60700408934895,5.442958279717227,-192.1740964
760.1740352502418,454.6091441694457,5.450516987965373,-192.6697274
765.6545326499842,456.6086991526566,5.4580409981281575,-193.1548873
771.1541484439512,458.6056869205989,5.4655305128467555,-193.6688915
776.6727830000203,460.6001252382473,5.472985733507643,-194.1458419
782.2103372589073,462.59203174920793,5.480406860244467,-194.6192426
787.7667127315804,464.5814239710594,5.487794091945426,-195.1079797
793.3418115,466.5683192907664,5.495147626256803,-195.6052092
798.9355361979796,468.5527349601717,5.502467659589411,-196.0652247
804.54779,470.5346880915716,5.509754387123049,-196.526036
810.1784767944213,472.5141956533807,5.517008002812507,-197.0047155
815.8275008,474.49127446589085,5.524228699,-197.4882038
821.4947668764322,476.4659411971297,5.531416668383795,-197.9443587
827.1801805157962,478.4382123588234,5.538572100097935,-198.3786584
832.8836476789726,480.40810430246904,5.545695183643615,-198.8020829
838.6050748942545,482.37563321552096,5.552786106931921,-199.2314523
844.3443692352414,484.3408151,5.559845056682175,-199.6515462
850.1014383180393,486.30366585740194,5.566872218427625,-200.0938013
855.8761902988016,488.26420110829315,5.573867776521284,-200.5044485
861.6685338712816,490.2224363659585,5.580831914141706,-200.9294931
867.4783782643954,492.1783869447447,5.587764813,-201.3593764
873.3056332397954,494.1320679747194,5.594666654840181,-201.7793491
879.1502090894552,496.08349439877753,5.601537618456132,-202.1762049
885.0120166332642,498.0326809698946,5.608377882686539,-202.5985393
890.8909672166345,499.9796422485305,5.615187624926392,-203.0122214
896.7869727,501.92439260018637,5.621967021431877,-203.4228192
902.6999454970293,503.8669461931181,5.628716247326422,-203.7990414
908.6297984910941,505.8073169962097,5.6354354766067365,-204.1706468
914.5764451,507.7455187770078,5.642124882148894,-204.5780168
920.5397993035058,509.6815650999218,5.648784635714412,-204.9548298
926.5197755082219,511.61546932458975,5.655414907956359,-205.3226555
932.5162887,513.5472446044141,5.662015868425468,-205.6957148
938.5292543020903,515.4769038852683,5.668587685576271,-206.0733915
944.5585883251146,517.4044599,5.675130526773229,-206.4616788
950.6042072265994,519.3299251893604,5.681644558296887,-206.8123165
956.6660279777918,521.2533120574824,5.688129945350025,-207.1910165
962.7439680475767,523.1746326150363,5.694586852063816,-207.5203722
968.8379454002235,525.0938987569386,5.7010154415039915,-207.872461
974.9478784931432,527.0111221664885,5.707415876,-208.2245589
981.0736862746568,528.9263143153088,5.713788315536225,-208.5459735
987.2152881817736,530.8394864634669,5.720132920988047,-208.8651698
993.3726041379812,532.7506496597744,5.726449850898119,-209.194583
999.5455545510451,534.6598147422671,5.732739263097474,-209.5479252
1005.7340603108205,536.5669923388645,5.739001314388704,-209.8785758
1011.9380427870727,538.4721929,5.745236161,-210.222574
1018.1574238273105,540.3754265406737,5.751443956351852,-210.5562031
1024.3921257546283,542.2767033595759,5.757624856,-210.868807
1030.6420713655598,544.1760331225279,5.763779010873168,-211.1938825
1036.9071839279422,546.0734254229933,5.769906574097631,-211.4758632
1043.187387178791,547.9688896520049,5.776007695976463,-211.7587544
1049.482605322184,549.8624350000572,5.782082526285124,-212.0749532
1055.792763027159,551.7540704591694,5.788131213819667,-212.3857905
1062.1177854256182,553.6438048251168,5.7941539064028165,-212.6638542
1068.4575981102457,555.5316466998291,5.8001507508900465,-212.9536382
1074.8121271324346,557.4176045,5.806121893175621,-213.2436731
1081.1812990002236,559.3016864295706,5.812067478198652,-213.543651
1087.5650406762459,561.1839005,5.8179876499491145,-213.8263204
1093.9632795756866,563.0642546882826,5.823882551473862,-214.0955133
1100.3759435642512,564.9427565394594,5.8297523248826115,-214.3591377
1106.802960956145,566.8194135948296,5.835597111,-214.6219002
1113.2442605120607,568.6942331799764,5.841417051141181,-214.8929213
1119.6997714371787,570.5672224514881,5.847212283578473,-215.1717033
1126.1694233791757,572.4383884007239,5.852982947086565,-215.4253934
1132.6531464262441,574.3077378577157,5.858729179178781,-215.6648217
1139.1508711051217,576.1752774952001,5.864451116466879,-215.900197
1145.6625283791307,578.0410138327759,5.870148894666911,-216.1588624
1152.1880496462268,579.9049532411836,5.875822649,-216.4178402
1158.7273667370596,581.7671019467025,5.881472512223454,-216.6360109
1165.2804119130408,583.6274660356592,5.887098618585959,-216.8487403
1171.8471178644234,585.4860514590445,5.892701099883951,-217.0859351
1178.4274177083907,587.3428640372322,5.898280087442053,-217.2961187
1185.0212449871553,589.1979094647957,5.903835711723874,-217.5388442
1191.6285336660662,591.0511933154158,5.909368102337685,-217.7510532
1198.2492181317275,592.9027210468768,5.914877388042124,-217.9511411
1204.8832331901258,594.7524980061416,5.920363696751813,-218.1891897
1211.530514064767,596.6005294345048,5.9258271555430095,-218.38387
1218.1909963948228,598.4468204728131,5.931267890659189,-218.5816409
1224.8646162332868,600.2913761667525,5.936686028,-218.7692022
1231.5513100451392,602.1342015,5.942081690709954,-218.9515142
1238.251014705522,603.9753012605757,5.947455004017658,-219.125588
1244.9636674979226,605.8146803243748,5.952806090407599,-219.2983035
1251.6892061123667,607.6523433825594,5.958135072042469,-219.474231
1258.4275686436201,609.4882950861202,5.963442070285242,-219.640517
1265.1786935894006,611.3225400236109,5.968727205704581,-219.8325121
1271.9425198485976,613.1550827267132,5.973990598080229,-220.0262316
1278.7189867195016,614.9859276758162,5.979232366408373,-220.2014551
1285.5080338980415,616.8150793056057,5.984452628906976,-220.3695448
1292.309601476032,618.6425420106535,5.989651503021082,-220.5446332
1299.123629939429,620.4683202,5.994829105428091,-220.7366799
1305.9500601665939,622.2924180577537,5.999985552043015,-220.9244526
1312.7888334265654,624.1148400386004,6.005120958023697,-221.0656008
1319.6398913773419,625.9355903833876,6.010235437775996,-221.2112169
1326.503176064171,627.7546734,6.015329104958968,-221.3568497
1333.3786299178466,629.5720932678577,6.020402072489989,-221.5002116
1340.2661957530167,631.3878543,6.025454453,-221.658104
1347.165816766497,633.2019608809729,6.030486356587933,-221.8046708
1354.077436535594,635.0144171512051,6.035497895327063,-221.928377
1361.0009990164353,636.8252274547928,6.040489178768726,-222.066842
1367.936448542309,638.6343961082326,6.045460316,-222.210622
1374.88373,640.4419274528317,6.050411416188379,-222.3285289
1381.8427879381943,642.2478258597462,6.055342586607019,-222.4835505
1388.8135683457413,644.0520957349344,6.060253934619333,-222.5930518
1395.7960168701238,645.8547415240178,6.0651455666940235,-222.7474974
1402.7900797057853,647.6557677170451,6.070017588607905,-222.8539507
1409.7957034145243,649.4551788531535,6.074870105450708,-222.9984345
1416.812834923887,651.2529795251204,6.079703221629891,-223.1434262
1423.841421525567,653.0491743838028,6.0845170408753795,-223.2899274
1430.8814108738109,654.8437681424565,6.089311666244314,-223.4239678
1437.9327509838329,656.6367655809314,6.094087200125744,-223.5540752
1444.9953902302352,658.4281715497377,6.098843744245302,-223.6739566
1452.0692773454357,660.2179909739781,6.103581399669854,-223.798696
1459.154361418102,662.0062289,6.108300266812113,-223.8852133
1466.2505918915933,663.7928902847509,6.113000445435218,-223.9912476
1473.357918562407,665.5779804278716,6.117682034657304,-224.0934417
1480.4762915786334,667.3615045464571,6.122345132956027,-224.2120226
1487.6056614384165,669.1434679925478,6.126989838173058,-224.3061446
1494.745979,670.9238762133066,6.131616247518563,-224.3933648
1501.8971954223005,672.7027347538927,6.136224457575642,-224.4921273
1509.059262279187,674.4800492601697,6.140814564304743,-224.5676073
1516.2321314421647,676.2558254812428,6.145386663048046,-224.633483
1523.415755136767,678.0300692718254,6.149940848533829,-224.7156236
1530.610085929471,679.8027865944298,6.154477214880781,-224.7918461
1537.8150767261998,681.5739835213808,6.158995856,-224.8552824
1545.0306807708293,683.3436662366489,6.163496863610845,-224.9237431
1552.2568516437022,685.1118410375028,6.167980331222004,-224.9896563
1559.4935432601446,686.8785143359771,6.172446350158884,-225.050924
1566.74071,688.6436926601554,6.176895012,-225.1126394
1573.9983060511072,690.4073826552664,6.181326406,-225.1890598
1581.2662867179322,692.1695910845932,6.185740623354303,-225.2412737
1588.544607110007,693.9303248301927,6.190137753120005,-225.3276326
1595.833222795521,695.6895908934267,6.194517884084248,-225.4097898
1603.1320896688567,697.4473963953028,6.198881104501796,-225.4651205
1610.4411639491423,699.2037485766259,6.2032275020635925,-225.5095023
1617.760402178805,700.9586547979599,6.207557163900754,-225.5631697
1625.0897612221304,702.7121225393994,6.211870176588539,-225.6321267
1632.4291982638254,704.4641594001533,6.216166626150283,-225.6877224
1639.778670807584,706.2147731,6.220446598,-225.7495678
1647.1381366746577,707.9639714681952,6.224710177252855,-225.7937849
1654.507554002429,709.7117624630945,6.2289574481158345,-225.8413698
1661.8868812429876,711.4581541503914,6.233188494504767,-225.8671874
1669.276077,713.2031547120725,6.237403399741545,-225.9160041
1676.6751008358422,714.9467724428326,6.241602246619203,-225.9324227
1684.083911653085,716.6890157483708,6.2457851174056875,-225.9744879
1691.5024693101816,718.4298931435111,6.249952093847572,-226.02374
1698.9307338115086,720.1694132501491,6.2541032571737665,-226.0294359
1706.3686654676674,721.9075847950284,6.258238688099183,-226.0603017
1713.8162248940796,723.6444166073494,6.262358466828391,-226.0594613
1721.2733730095836,725.3799176,6.266462673059235,-226.0922929
1728.7400710350316,727.1140968479089,6.270551385986432,-226.0864619
1736.216280491891,728.8469634230319,6.2746246843051505,-226.1269595
1743.701963200844,730.5785265534655,6.278682646214547,-226.1198054
1751.197081,732.3087955392003,6.282725349421292,-226.1573668
1758.7015971454493,734.0377797650134,6.286752871143067,-226.183804
1766.2154735059667,735.7654886970064,6.290765288112035,-226.1963045
1773.7386733655153,737.4919318790068,6.294762676578279,-226.2175116
1781.2711600199025,739.2171189288375,6.2987451123132425,-226.237357
1788.8128970557732,740.9410595344608,6.302712670613106,-226.2637781
1796.3638483492164,742.6637634,6.306665426,-226.248468
1803.9239780643682,744.3852404916397,6.310603453736205,-226.2503985
1811.493250652017,746.1055005334291,6.314526827,-226.2218889
1819.0716308482058,747.8245535029595,6.318435618939522,-226.2212513
1826.6590836728355,749.5424093769562,6.322329903107476,-226.1930397
1834.2555744282654,751.2590781767703,6.326209751824281,-226.1854385
1841.861068697913,752.9745699637809,6.330075237152425,-226.1762728
1849.4755323448524,754.6888948347154,6.333926430705463,-226.1589956
1857.0989315104102,756.4020629168915,6.337763403651183,-226.1430049
1864.7312326127603,758.1140843633883,6.341586226714775,-226.1389597
1872.3724023455143,759.8249693481516,6.345394970181962,-226.1350083
1880.0224076763118,761.5347281,6.349189703902117,-226.1114
1887.6812158454056,763.2433707028179,6.352970497291351,-226.0920646
1895.3487943642454,764.9509074801014,6.356737419335588,-226.0899789
1903.0251110140568,766.6573486,6.360490538593598,-226.0390674
1910.7101338444177,768.3627042663074,6.3642299232000346,-225.9860894
1918.403831171829,770.0669846717049,6.367955640868424,-225.9295054
