t,I,Pop,W,H,C,D,L,r,S,lambda,Pi,I_cap,binding,disc_flow
0.0,0.33,0.0,0.5,1.0,1.0,0.0,0.16,0.0316437362913357,0.5177225522955372,5.380585627746375,1.178555,0.878555,False,0.848555
0.0273972602739726,0.9664105,0.0012951953278586453,0.5017661963126996,1.0,1.407133,0.048,0.0794335748903488,0.5296332706385123,0.5177093457003288,5.366264482153704,0.9969857447690472,0.6969857447690473,False,0.0304915916208389
0.0547945205479452,0.766684319245952,0.004033761811649199,0.5036357383733758,1.0,1.4957579468614282,0.0241717062999612,0.0633781500754031,0.5321515875194683,0.5176706763660863,5.351974478567306,1.092066117199743,0.792066117199743,False,0.3236037597785745
0.0821917808219178,0.8712727289197173,0.006376390905753903,0.5054598123351153,1.0,1.6000971804630648,0.0198150960544573,0.0439564712189121,0.5311842081743562,0.5176400055333414,5.337715763974472,1.0866586889509706,0.7866586889509706,False,0.2136229197654624
0.1095890410958904,0.8653245578460677,0.008901296488266496,0.5072821176651094,1.0,1.6495669165953075,0.0140607756422142,0.0356097202593458,0.527565064087326,0.5176051579768722,5.323488246659111,1.1148393454853824,0.8148393454853824,False,0.2467953074856279
0.136986301369863,0.8963232800339207,0.01139420750018565,0.5090865432435436,1.0,1.6919294686336066,0.0116662969447561,0.0286652176209237,0.5328537341098205,0.5175705559919661,5.309291922553856,1.1301943508322396,0.8301943508322396,False,0.230689200886236
0.1643835616438356,0.9132137859154636,0.013923125258641044,0.5108781992826819,1.0,1.7226230576980526,0.0096101734925251,0.024073471031106,0.5315668382119421,0.5175347225056572,5.295126759747888,1.1498032777066534,0.8498032777066533,False,0.232732140577512
0.1917808219178082,0.9347836054773188,0.016461272512889615,0.5126552122473178,1.0,1.7499922237864527,0.0082569697677778,0.0201505602869168,0.5317163858316617,0.5174982221903346,5.280992736386411,1.1677061594049876,0.8677061594049875,False,0.2284981078474265
0.2191780821917808,0.9544767753454864,0.019016305589898856,0.5144182199620122,1.0,1.7745876863152468,0.0070677087760526,0.0167906420631112,0.5277686817960533,0.5174608685524421,5.266889827079972,1.1862122521004093,0.8862122521004092,False,0.22671160031485
0.2465753424657534,0.9748334773104502,0.0215841471534965,0.516167019971385,1.0,1.7981377308208626,0.0060201318603147,0.0136457799902848,0.5297023156273734,0.5174227371675225,5.252818007441409,1.2044797148729889,0.9044797148729886,False,0.2240529690863429
0.273972602739726,0.9949276863602876,0.02416522991217563,0.5179017311148303,1.0,1.8210041778516848,0.0049993584393005,0.0106438596344201,0.5292247881453955,0.5173838021074253,5.238777252358831,1.2229066122370449,0.9229066122370446,False,0.2218177134616835
0.3013698630136986,1.015197273460749,0.02675840382990789,0.5196223631034496,1.0,1.843621136463157,0.0039831821507019,0.0076974216506731,0.5325605899330916,0.5173440744538583,5.224767536583782,1.2410278358479645,0.9410278358479642,False,0.2191262412580248
0.3287671232876712,1.0351306194327607,0.02936328260790321,0.5213289794782577,1.0,1.8659293719715195,0.0029412482757816,0.0048181036495945,0.5308631907204839,0.517303547812241,5.210788834445811,1.2592573629233383,0.9592573629233384,False,0.2168780032980333
0.3561643835616438,1.055183099215672,0.03197866159381845,0.5230215902374675,1.0,1.8881514477052896,0.001879156256481,0.0019607251407094,0.531936569679625,0.5172622362229147,5.19684112014026,1.2775061857650718,0.9775061857650718,False,0.2145440825582727
0.3835616438356164,1.075256804341579,0.03460410850957283,0.524700258486363,1.0,1.910344540779628,0.0007802805173055,0.0,0.5296604851929639,0.5172201355571966,5.182924367448216,1.2958243527075932,0.9958243527075932,False,0.2122676175224645
0.410958904109589,1.095406787978353,0.03723904731776772,0.5263650386998439,1.0,1.9325693469497067,0.0,0.0,0.0283634323307086,0.5171772456079495,5.169038549785218,1.3139909012124602,1.0139909012124602,False,0.2097832820562695
0.4383561643835616,1.1153899913337062,0.03988300358964489,0.528015992796171,1.0,1.9546792142023297,0.0,0.0,0.030327508722095,0.5171335639855331,5.155183640164801,1.3318414337675952,1.0318414337675952,False,0.2071681166718466
0.4657534246575342,1.1350255771443547,0.04253514779973289,0.5296531611151812,1.0,1.976444467361722,0.0,0.0,0.027382903536625,0.5170890980037334,5.141359611314973,1.3498431012506105,1.0498431012506104,False,0.2050417465684751
0.4931506849315068,1.1548274113756716,0.04519441316715769,0.5312765708686374,1.0,1.998128094431228,0.0,0.0,0.0319657870319554,0.5170438621864448,5.127566435749426,1.3678159986027143,1.0678159986027145,False,0.2027398266032033
0.5205479452054794,1.1745975984629855,0.0478605304866491,0.5328863001526396,1.0,2.0197536463772425,0.0,0.0,0.0307899863947323,0.5169978505818451,5.11380408550337,1.3858234812935768,1.0858234812935768,False,0.2005118407442584
0.547945205479452,1.1944058294229345,0.050532947774076804,0.5344824101166483,1.0,2.0413709119647674,0.0,0.0,0.0315485264405122,0.5169510651382282,5.100072532225339,1.4038371075188916,1.1038371075188915,False,0.1982643292952324
0.5753424657534246,1.2142208182707808,0.05321123013849931,0.5360649696852985,1.0,2.0629877204937186,0.0,0.0,0.0291271558087792,0.5169035050389059,5.086371747139648,1.421863404303159,1.121863404303159,False,0.1960331972689964
0.6027397260273972,1.234049744733475,0.05589491106839028,0.5376340464191475,1.0,2.084611902828754,0.0,0.0,0.0328241881463694,0.5168551707253526,5.072701701056575,1.439895651570793,1.139895651570793,False,0.1938052698344005
0.6301369863013698,1.2538852167278725,0.05858354810981287,0.539189709831115,1.0,2.106243342356853,0.0,0.0,0.0323587267279331,0.5168060623648116,5.059062364365313,1.4579323180527506,1.1579323180527503,False,0.1915860696294964
0.6575342465753424,1.2737255498580258,0.06127670195328422,0.5407320300958516,1.0,2.127881062010077,0.0,0.0,0.0316703009824425,0.5167561804303327,5.0454537070336345,1.4759699741693018,1.1759699741693015,False,0.189373936915587
0.684931506849315,1.293566971586232,0.06397394435240172,0.5422610784723478,1.0,2.14952251550662,0.0,0.0,0.0281678322471118,0.5167055254733365,5.031875698605395,1.4940060300058446,1.1940060300058446,False,0.1871699638832059
0.7123287671232876,1.3134066330064291,0.06667485510745307,0.5437769270861027,1.0,2.171164875756817,0.0,0.0,0.0298003260223622,0.5166540982064866,5.018328308199182,1.5120376709955985,1.2120376709955984,False,0.184974161290004
0.7397260273972602,1.3332414380951585,0.06937902319706392,0.5452796489523194,1.0,2.1928050404757675,0.0,0.0,0.0272628225947233,0.5166018994667126,5.004811504506852,1.530062272676897,1.230062272676897,False,0.1827869456272028
0.7671232876712328,1.3530684999445868,0.07208604630770797,0.5467693179084033,1.0,2.214439883844022,0.0,0.0,0.0279257369524052,0.5165489302248027,4.991325255792438,1.5480772369428497,1.2480772369428494,False,0.1806085593658594
0.7945205479452054,1.3728849606371345,0.07479553096643052,0.548246008581438,1.0,2.236066284087721,0.0,0.0,0.0310982937194547,0.5164951915768494,4.977869529891232,1.5660800556190355,1.2660800556190357,False,0.1784392983947685
0.821917808219178,1.3926880611809394,0.07750709242779716,0.5497097963429157,1.0,2.257681175415282,0.0,0.0,0.0314685729354469,0.5164406847428545,4.964444294209112,1.584068284131597,1.284068284131597,False,0.1762794225989674
0.8493150684931506,1.4124751125447568,0.0802203546449403,0.5511607572690739,1.0,2.2792815581865997,0.0,0.0,0.0328050583946052,0.516385411062553,4.951049515722071,1.6020395508154748,1.3020395508154747,False,0.1741291914858295
0.8767123287671232,1.4322435058970224,0.08293495019709157,0.5525989680998594,1.0,2.300864509582585,0.0,0.0,0.0289549521488289,0.5163293719923844,4.937685160975975,1.6199915519276624,1.3199915519276624,False,0.1719888502217036
0.9041095890410958,1.4519907071204288,0.08565052022440982,0.5540245061992933,1.0,2.32242718594789,0.0,0.0,0.0292227582362092,0.5162725691020571,4.924351196086519,1.6379220523385158,1.3379220523385158,False,0.1698586354501206
0.9315068493150684,1.4717142575723674,0.08836671435090315,0.5554374495162202,1.0,2.3439668243770546,0.0,0.0,0.0298173348676548,0.5162150040713294,4.911047586739382,1.6558288838803057,1.3558288838803056,False,0.1677387731912671
0.958904109589041,1.4914117722683364,0.09108319060380293,0.5568378765458957,1.0,2.365480742516711,0.0,0.0,0.0281368281545057,0.5161566786867581,4.897774298190584,1.6737099445991486,1.3737099445991483,False,0.1656294799389697
0.9863013698630136,1.5110809390590636,0.09379961532678716,0.5582258662922814,1.0,2.386966338017845,0.0,0.0,0.0277795290320128,0.51609759483852,4.884531295267029,1.6915631975980072,1.3915631975980072,False,0.1635309624698526
1.0136986301369864,1.530719517357808,0.09651566308877857,0.5596014982311404,1.0,2.4084210875677265,0.0,0.0,0.0298542295573556,0.5160377545172644,4.871318542367231,1.709386670011636,1.409386670011636,False,0.1614434181822833
1.0410958904109588,1.5503253370127996,0.09923101658827317,0.5609648522739294,1.0,2.429842545790845,0.0,0.0,0.0283614560943053,0.5159771598110166,4.858136003462215,1.727178451896679,1.427178451896679,False,0.1593670352235036
1.0684931506849311,1.569896297086347,0.10194536655383156,0.5623160087325195,1.0,2.4512283440334293,0.0,0.0,0.031018883968095,0.5159158129021253,4.844983642096601,1.744936695130995,1.444936695130995,False,0.1573019927077995
1.095890410958904,1.5894303646440946,0.1046584116410571,0.5636550482847531,1.0,2.4725761890953115,0.0,0.0,0.0296229115132339,0.5158537160642596,4.831861421389833,1.7626596122876683,1.4626596122876685,False,0.1552484609002604
1.1232876712328768,1.6089255735164352,0.10736985832647755,0.5649820519408542,1.0,2.4938838619202564,0.0,0.0,0.031996069176347,0.5157908716594539,4.818769304037587,1.7803454755022172,1.4803454755022172,False,0.1532066014172545
1.1506849315068493,1.628380023052439,0.11007942079867698,0.5662971010106963,1.0,2.515149216261458,0.0,0.0,0.0312015906120134,0.5157272821352022,4.805707252313316,1.7979926153291377,1.4979926153291374,False,0.1511765674216935
1.1780821917808215,1.6477918768620512,0.11278682084702282,0.5676002770719365,1.0,2.536370177328211,0.0,0.0,0.0288741998482922,0.5156629500216035,4.792675228069956,1.8155994195929808,1.5155994195929812,False,0.1491585038215543
1.2054794520547945,1.6671593615522795,0.1154917877483048,0.568891661939016,1.0,2.557544740419894,0.0,0.0,0.0319935588083712,0.5155978779285566,4.779673192741759,1.8331643322351547,1.5331643322351547,False,0.1471525474675493
1.2328767123287672,1.6864807654586702,0.11819405815158544,0.5701713376330293,1.0,2.57867096955104,0.0,0.0,0.0318285861449808,0.5155320685430081,4.766701107346274,1.8506858521590368,1.5506858521590368,False,0.1451588273510899
1.2602739726027397,1.7057544373749405,0.12089337596154272,0.5714393863524592,1.0,2.5997469960709414,0.0,0.0,0.029324870274181,0.5154655246262506,4.753758932486446,1.8681625320752,1.5681625320752,False,0.1431774648015515
1.287671232876712,1.72497878528272,0.12358949222056721,0.5726958904447736,1.0,2.6207710172805903,0.0,0.0,0.0287299686235814,0.5153982490112722,4.740846628352846,1.8855929773486488,1.5855929773486488,False,0.1412085736827976
1.3150684931506849,1.744152275083514,0.12628216498985972,0.5739409323788799,1.0,2.641741295049484,0.0,0.0,0.0310949730238498,0.51533024460016,4.727964154726017,1.9029758448497205,1.6029758448497202,False,0.1392522605885385
1.3424657534246576,1.7632734293346923,0.1289711592297584,0.575174594718427,1.0,2.662656154434574,0.0,0.0,0.0278385149016558,0.5152615143615535,4.715111470978932,1.920309841810212,1.6203098418102122,False,0.1373086250363148
1.36986301369863,1.7823408259912337,0.13165624667950973,0.5763969600959501,1.0,2.683513982303414,0.0,0.0,0.0281994492148506,0.5151920613281515,4.702288536079557,1.9375937246861543,1.6375937246861545,False,0.135377759659832
1.3972602739726026,1.80135309715477,0.13433720573668248,0.5776081111878444,1.0,2.7043132259633995,0.0,0.0,0.027044173618506,0.5151218885942696,4.689495308593521,1.9548262980285256,1.6548262980285255,False,0.1334597503994396
1.4246575342465753,1.8203089278313784,0.13701382133641019,0.57880813069016,1.0,2.725052391798815,0.0,0.0,0.0317215462650128,0.5150509993134503,4.676731746686879,1.9720064133630923,1.6720064133630923,False,0.1315546766905342
1.452054794520548,1.8392070546994015,0.1396858848306344,0.579997101295204,1.0,2.7457300439172623,0.0,0.0,0.0309891051395521,0.5149793966961244,4.663997808128962,1.989132968080471,1.689132968080471,False,0.1296626116497389
1.4794520547945205,1.8580462648885183,0.14235319386750853,0.5811751056689373,1.0,2.766344802806913,0.0,0.0,0.031230992271758,0.5149070840073229,4.651293450295327,2.0062049043373564,1.7062049043373564,False,0.1277836222586457
1.506849315068493,1.876825394771092,0.14501555227110985,0.5823422264291538,1.0,2.7868953440058704,0.0,0.0,0.0316843741861318,0.5148340645644405,4.6386186301707735,2.023221207969835,1.723221207969835,False,0.1259177695450374
1.5342465753424657,1.8955433287668184,0.14767276992159703,0.5834985461244264,1.0,2.807380396784836,0.0,0.0,0.02975349465323,0.5147603417350493,4.625973304352447,2.04018090741955,1.74018090741955,False,0.1240651087614057
1.5616438356164384,1.914198998161505,0.15032466263593836,0.584644147213806,1.0,2.827798742844148,0.0,0.0,0.0304124471757173,0.5146859189347612,4.613357429053011,2.0570830726734397,1.7570830726734392,False,0.1222256895606892
1.5890410958904109,1.9327913799407832,0.15297105204932768,0.5857791120472577,1.0,2.848149215026137,0.0,0.0,0.0278387819887659,0.5146107996251429,4.600770960103891,2.073926814217673,1.7739268142176725,False,0.1203995561691165
1.6164383561643834,1.95131949563944,0.15561176549739392,0.5869035228468198,1.0,2.868430696043672,0.0,0.0,0.0276871804412158,0.5145349873116754,4.588213852958579,2.0907112820063607,1.7907112820063606,False,0.1185867475560873
1.643835616438356,1.969782410206997,0.1582466358993024,0.5880174616884686,1.0,2.888642117225652,0.0,0.0,0.0310104177707428,0.5144584855417657,4.575686062695996,2.107435664445499,1.8074356644454987,False,0.1167872976009843
1.6712328767123288,1.9881792308900488,0.16087550164183684,0.5891210104846742,1.0,2.908782457280125,0.0,0.0,0.0298265772368587,0.5143812979028047,4.563187544023916,2.124099187392593,1.8240991873925927,False,0.1150012352569002
1.6986301369863013,2.0065091061318525,0.16349820646454372,0.5902142509676311,1.0,2.928850741075618,0.0,0.0,0.0303914166388871,0.5143034280202721,4.550718251282438,2.14070111317233,1.84070111317233,False,0.1132285847112014
1.7260273972602738,2.0247712244895637,0.16611459934601264,0.5912972646731461,1.0,2.9488460384412067,0.0,0.0,0.0315899931444961,0.5142248795558879,4.538278138447508,2.157240739608591,1.857240739608591,False,0.1114693655428931
1.7534246575342465,2.0429648135694505,0.16872453439136,0.5923701329251694,1.0,2.968767462985757,0.0,0.0,0.0308083099200035,0.5141456562058109,4.5258671591344815,2.1737173990730847,1.8737173990730849,False,0.1097235928767695
1.7808219178082192,2.0610891389803934,0.17132787072097577,0.5934329368209508,1.0,2.9886141709367293,0.0,0.0,0.0303214764039479,0.5140657616988806,4.513485266601733,2.1901304575507923,1.890130457550792,False,0.1079912775343051
1.808219178082192,2.079143503305872,0.1739244723605876,0.5944857572168064,1.0,3.00838535999884,0.0,0.0,0.0303552429644724,0.5139851997949055,4.501132413754299,2.2064793137224066,1.9064793137224063,False,0.1062724261812975
1.835616438356164,2.097127245094647,0.17651420813269117,0.5955286747144788,1.0,3.028080268232864,0.0,0.0,0.0288237005883756,0.5139039742829936,4.488808553147558,2.2227633980638752,1.9227633980638752,False,0.1045670414722351
1.8630136986301369,2.115039737870263,0.17909695154938865,0.5965617696480748,1.0,3.0476981729547563,0.0,0.0,0.0271849070074076,0.513822088979927,4.476513636990933,2.2389821719631526,1.9389821719631528,False,0.1028751221914085
1.8904109589041096,2.132880389159468,0.18167258070667378,0.5975851220715656,1.0,3.067238389655269,0.0,0.0,0.0296203043353941,0.5137395477285787,4.464247617151637,2.255135126854192,1.955135126854192,False,0.1011966633907524
1.917808219178082,2.150648639539611,0.18424097818019644,0.5985988117468324,1.0,3.086700270940149,0.0,0.0,0.0282875080369171,0.5136563543963708,4.452010445158432,2.271221783368208,1.9712217833682075,False,0.0995316565244429
1.9452054794520544,2.168343961705028,0.18680203092253503,0.5996029181322446,1.0,3.106083205490999,0.0,0.0,0.0294511718623478,0.513572512873774,4.43980207220541,2.287241690502206,1.987241690502206,False,0.0978800895802762
1.9726027397260275,2.1859658595524265,0.18935563016200097,0.6005975203717521,1.0,3.1253866170468227,0.0,0.0,0.0321204184396089,0.5134880270728474,4.427622449155804,2.3031944248047176,2.0031944248047178,False,0.0962419472078125
2.0,2.20351386728519,0.19190167130299624,0.6015826972844784,1.0,3.144609963406241,0.0,0.0,0.028403636915192,0.513402900925816,4.415471526545801,2.319079589578706,2.019079589578707,False,0.0946172108433718
2.0273972602739727,2.220987548536577,0.19444005382794036,0.6025585273548009,1.0,3.1637527354503443,0.0,0.0,0.0273498164501343,0.5133171383836903,4.403349254588384,2.3348968141015285,2.0348968141015287,False,0.0930058588318411
2.054794520547945,2.2383864955116817,0.19697068120078037,0.6035250887229007,1.0,3.182814456186089,0.0,0.0,0.0286883033521319,0.5132307434149206,4.391255583177174,2.350645752861864,2.050645752861864,False,0.0914078665453868
2.0821917808219177,2.25571032814805,0.19949346077209434,0.6044824591757711,1.0,3.2017946798101624,0.0,0.0,0.0287615625466001,0.5131437200040901,4.379190461890289,2.366326084813488,2.0663260848134883,False,0.0898232064990799
2.1095890410958904,2.2729586932948376,0.20200830368579542,0.6054307161386687,1.0,3.220692990793174,0.0,0.0,0.0309714990883613,0.5130560721506444,4.367153839994207,2.3819375126457154,2.081937512645716,False,0.0882518484634512
2.1369863013698627,2.2901312639102875,0.20451512478744177,0.6063699366669935,1.0,3.239509002984016,0.0,0.0,0.0303421929140476,0.5129678038676561,4.355145666447634,2.3974797620704047,2.097479762070405,False,0.0866937595740952
2.1643835616438354,2.307227738277445,0.20701384253415345,0.6073001974385852,1.0,3.258242358734251,0.0,0.0,0.0317033892546384,0.5128789191806252,4.34316588990538,2.412952581125283,2.1129525811252834,False,0.0851489044382403
2.191780821917808,2.324247839237812,0.2095043789061377,0.6082215747464234,1.0,3.276892728042295,0.0,0.0,0.0309858812419643,0.5127894221263132,4.331214458722224,2.4283557394934854,2.1283557394934856,False,0.0836172452384845
2.219178082191781,2.341191313442834,0.2119866593198184,0.6091341444917162,1.0,3.2954598077172386,0.0,0.0,0.0294383211686404,0.5126993167516107,4.319291320956795,2.443689027839023,2.1436890278390237,False,0.082098741833587
2.246575342465753,2.358057930622926,0.21446061254256701,0.6100379821773679,1.0,3.313943320562033,0.0,0.0,0.0318841223079962,0.5126086071124386,4.307396424375438,2.458952257158057,2.1589522571580577,False,0.0805933518565045
2.273972602739726,2.3748474828738635,0.21692617060902847,0.610933162901811,1.0,3.3323430145758506,0.0,0.0,0.0280018375194462,0.5125172972726805,4.295529716456078,2.474145258145695,2.1741452581456957,False,0.0791010308096076
2.3013698630136985,2.391559783960265,0.2193832687390334,0.6118197613531917,1.0,3.350658662175342,0.0,0.0,0.0271362724388031,0.5124253913031468,4.2836911443920815,2.489267880578116,2.1892678805781163,False,0.077621732157202
2.328767123287671,2.408194668635928,0.2218318452570884,0.6126978518038979,1.0,3.3688900594345403,0.0,0.0,0.0275402871646538,0.51233289328057,4.271880655096108,2.5043199927098043,2.2043199927098045,False,0.0761554074153844
2.3561643835616435,2.424751991980785,0.2242718415134333,0.6135675081054163,1.0,3.3870370253431523,0.0,0.0,0.0313341561035787,0.5122398072866294,4.260098195203949,2.519301480685616,2.2193014806856164,False,0.0747020062392546
2.383561643835616,2.441231628754178,0.22670320180665277,0.6144288036835098,1.0,3.405099401082946,0.0,0.0,0.0297712633815083,0.5121461374070058,4.248343711078368,2.53421224796748,2.23421224796748,False,0.0732614765075968
2.410958904109589,2.457633472764228,0.22912587330782977,0.6152818115337032,1.0,3.4230770493219604,0.0,0.0,0.0279676306742016,0.5120518877304634,4.236617148812913,2.5490522147754544,2.2490522147754546,False,0.0718337644050241
2.4383561643835616,2.4739574362530004,0.23153980598622675,0.6161266042170663,1.0,3.4409698535262527,0.0,0.0,0.0300062686506201,0.5119570623479625,4.224918454235727,2.563821317542903,2.263821317542903,False,0.0704188145016641
2.4657534246575343,2.490203449297194,0.23394495253647796,0.616963253856286,1.0,3.458777717288868,0.0,0.0,0.027913872616279,0.5118616653517967,4.21324757291334,2.578519508385548,2.278519508385548,False,0.0690165698304642
2.4931506849315066,2.506371459224103,0.23634126830727875,0.6177918321320154,1.0,3.476500563675762,0.0,0.0,0.0311779222504664,0.5117657008347583,4.201604450154445,2.5931467545841183,2.2931467545841184,False,0.0676269719621029
2.5205479452054798,2.5224614300425303,0.23872871123155284,0.6186124102794911,1.0,3.494138334588352,0.0,0.0,0.0296769376534441,0.5116691728893299,4.18998903101366,2.607703038080366,2.307703038080366,False,0.0662499610776321
2.547945205479452,2.5384733418884027,0.24110724175808185,0.6194250590854103,1.0,3.511690990142395,0.0,0.0,0.0292861273565788,0.511572085606901,4.178401260295267,2.622188354986186,2.3221883549861864,False,0.064885476038866
2.5753424657534243,2.554407190484805,0.24347682278457733,0.6202298488850571,1.0,3.529158508062909,0.0,0.0,0.0288090725348872,0.5114744430770093,4.166841082556939,2.6366027151055604,2.3366027151055606,False,0.0635334544565492
2.602739726027397,2.570262986616117,0.24583741959217753,0.621026849559669,1.0,3.5465408830947904,0.0,0.0,0.0307816955587133,0.5113762493866071,4.155308442113439,2.6509461414691176,2.3509461414691177,False,0.0621938327564278
2.6301369863013697,2.58604075561603,0.2481889997813491,0.6218161305340378,1.0,3.5638381264288657,0.0,0.0,0.0291708756633203,0.5112775086193505,4.143803283040306,2.665218669880987,2.365218669880987,False,0.0608665462431679
2.6575342465753424,2.601740536869086,0.2505315332091741,0.6225977607743322,1.0,3.5810502651430247,0.0,0.0,0.0275258995158966,0.5111782248549125,4.132325549177513,2.679420348477764,2.379420348477764,False,0.0595515291622963
2.684931506849315,2.6173623833255406,0.25286499192800255,0.6233718087861374,1.0,3.5981773416581704,0.0,0.0,0.027708035412723,0.5110784021683177,4.120875184133109,2.693551237299266,2.393551237299266,False,0.0582487147600937
2.7123287671232874,2.632906361029193,0.25518935012544974,0.6241383426127034,1.0,3.615219413208645,0.0,0.0,0.032771385987297,0.5109780446293002,4.109452131286828,2.7076114078708797,2.4076114078708795,False,0.0569580353415905
2.73972602739726,2.648372548657968,0.2575045840657178,0.6248974298333926,1.0,3.63217655132685,0.0,0.0,0.0324514841442456,0.5108771563016815,4.098056333793687,2.721600942797202,2.4216009427972023,False,0.0556794223266347
2.767123287671233,2.663761037076923,0.2598106720322212,0.6256491375623209,1.0,3.6490488413417457,0.0,0.0,0.0311982428028644,0.5107757412427707,4.086687734587547,2.735519935366781,2.435519935366781,False,0.0544128063041533
2.794520547945205,2.6790719289034595,0.2621075942714942,0.6263935324471848,1.0,3.665836381890941,0.0,0.0,0.0285952197687571,0.510673803502784,4.075346276384656,2.749368489167641,2.4493684891676417,False,0.0531581170845761
2.821917808219178,2.694305338084406,0.2643953329383602,0.6271306806682675,1.0,3.682539284446055,0.0,0.0,0.0328150582640863,0.5105713471242845,4.064031901687165,2.7631467177134272,2.4631467177134274,False,0.0519152837505549
2.8493150684931505,2.7094613894847703,0.266673872042341,0.6278606479376172,1.0,3.6991576728510833,0.0,0.0,0.0316725054237947,0.5104683761416418,4.052744552786613,2.776854744079854,2.476854744079854,False,0.0506842347059435
2.8767123287671232,2.72454021848784,0.2689431973952853,0.6285834994983907,1.0,3.715691682873454,0.0,0.0,0.0313013411349539,0.510364894580509,4.041484171767392,2.790492700551276,2.490492700551276,False,0.0494648977231432
2.904109589041096,2.739541970606404,0.27120329656019465,0.6292993001243569,1.0,3.732141461767492,0.0,0.0,0.0296961690128627,0.5102609064573205,4.030250700510178,2.804060728277116,2.5040607282771163,False,0.0482571999888309
2.931506849315068,2.754466801104828,0.273454158801226,0.6300081141195538,1.0,3.7485071678500153,0.0,0.0,0.0286334493710709,0.5101564157788046,4.0190440806953385,2.8175589769379306,2.5175589769379307,False,0.0470610681481161
2.958904109589041,2.769314874631724,0.2756957750348496,0.6307100053180922,1.0,3.7647889700877655,0.0,0.0,0.0275783457729209,0.5100514265415161,4.007864253806308,2.830987604420875,2.5309876044208752,False,0.0458764283471753
2.9863013698630136,2.784086364862963,0.2779281377821408,0.6314050370841012,1.0,3.780987047696408,0.0,0.0,0.032415614379263,0.5099459427313853,3.9967111611329367,2.844346776504357,2.5443467765043573,False,0.0447032062744054
3.013698630136986,2.7987814541547933,0.2801512411221855,0.6320932723118103,1.0,3.7971015897508176,0.0,0.0,0.0297346577390016,0.5098399683232817,3.98558474377481,2.857636666551648,2.557636666551648,False,0.0435413272001353
3.041095890410958,2.8134003332068134,0.2823650806465766,0.6327747734257615,1.0,3.8131327948063976,0.0,0.0,0.0282141801887713,0.5097335072805971,3.974484942644537,2.8708574552132355,2.570857455213236,False,0.0423907160149361
3.068493150684932,2.8279432007345595,0.28456965341498347,0.6334496023811472,1.0,3.82908087053114,0.0,0.0,0.0288357397449039,0.5096265635548409,3.96341169847101,2.884009330137702,2.584009330137702,False,0.0412512972665672
3.095890410958904,2.8424102631514727,0.2867649579117705,0.6341178206642689,1.0,3.844946033348191,0.0,0.0,0.0304753174136513,0.5095191410852533,3.952364951802634,2.89709248569093,2.59709248569093,False,0.0401229951956128
3.1232876712328768,2.856801734260024,0.288950994003647,0.6347794892931108,1.0,3.860728508088653,0.0,0.0,0.0280606366976353,0.509411243798432,3.941344643010521,2.9101071226834114,2.610107122683412,False,0.0390057337698187
3.150684931506849,2.871117834951753,0.29112776289832654,0.6354346688180248,1.0,3.876428527654373,0.0,0.0,0.0321396857045542,0.5093028756079734,3.9303507122916654,2.923053448105461,2.6230534481054617,False,0.0378994367171871
3.1780821917808217,2.885358792916008,0.2932952671041763,0.6360834193225215,1.0,3.892046332690463,0.0,0.0,0.0315511171790112,0.5091940404141286,3.9193830996720753,2.935931674870167,2.635931674870167,False,0.0368040275578824
3.2054794520547945,2.899524842357184,0.2954535103908362,0.6367258004241636,1.0,3.907582171267331,0.0,0.0,0.0313167777357056,0.5090847421034723,3.908441745009876,2.948742021563812,2.648742021563812,False,0.035719429634914
3.2328767123287667,2.913616223720193,0.29760249775078845,0.6373618712755561,1.0,3.923036298571952,0.0,0.0,0.0295925582386506,0.5089749845485851,3.897526587998388,2.9614847122036605,2.6614847122036607,False,0.0346455661437361
3.2602739726027394,2.927633183424027,0.2997422353618575,0.6379916905654308,1.0,3.938408976608172,0.0,0.0,0.0307638530442146,0.5088647716077493,3.8866375681691694,2.9741599760028645,2.6741599760028647,False,0.0335823601606988
3.287671232876712,2.9415759736031517,0.3018727305506226,0.6386153165198198,1.0,3.953700473905805,0.0,0.0,0.0305045878134764,0.5087541071246573,3.875774624895023,2.9867680471423115,2.686768047142312,False,0.0325297346704392
3.315068493150685,2.955444851856543,0.30399399175672137,0.6392328069033152,1.0,3.968911065238289,0.0,0.0,0.0308990796093289,0.5086429949281306,3.8649376973929774,2.999309164549276,2.6993091645492764,False,0.0314876125922494
3.3424657534246576,2.9692400810042043,0.3061060284980291,0.6398442190204099,1.0,3.98404103134871,0.0,0.0,0.0275066659268393,0.5085314388318534,3.8541267247272346,3.011783571682627,2.711783571682627,False,0.0304559168053892
3.36986301369863,2.98296192885089,0.30820885133669185,0.6404496097169177,1.0,3.9990906586839303,0.0,0.0,0.0294948444130236,0.5084194426341152,3.843341645812083,3.02419151632451,2.72419151632451,False,0.029434570173488
3.3972602739726026,2.9966106679569613,0.3103024718459983,0.6410490353814675,1.0,4.01406023913667,0.0,0.0,0.0272496850431713,0.508307010117567,3.8325823994147807,3.0365332503782287,2.736533250378229,False,0.0284234955679117
3.4246575342465757,3.010186575416052,0.3123869025780694,0.6416425519470695,1.0,4.028950069795272,0.0,0.0,0.0299639449154671,0.5081941450489861,3.821848924158407,3.048809029672278,2.748809029672278,False,0.0274226158903037
3.4520547945205475,3.023689932639506,0.3144621570323513,0.6422302148927491,1.0,4.043760452701003,0.0,0.0,0.0289791672739967,0.5080808511790535,3.8111411585246784,3.061019113770252,2.761019113770252,False,0.0264318540941453
3.47945205479452,3.037121025147277,0.31652824962489107,0.6428120792452461,1.0,4.058491694612652,0.0,0.0,0.0278671451331962,0.5079671322421404,3.800459040856738,3.073163765786568,2.773163765786568,False,0.0254511332055241
3.506849315068493,3.050480142365225,0.3185851956583807,0.6433881995807764,1.0,4.073144106778266,0.0,0.0,0.0276204178063353,0.5078529919561058,3.7898025093619054,3.085243252207783,2.785243252207783,False,0.0244803763430118
3.5342465753424657,3.0637675774285618,0.32063301129295124,0.643958630026852,1.0,4.087718004713802,0.0,0.0,0.0305258674330662,0.5077384340221021,3.779171502114405,3.09725784271939,2.797257842719391,False,0.0235195067367684
3.5616438356164384,3.07698362699133,0.32267171351770013,0.6445234242641581,1.0,4.102213707988535,0.0,0.0,0.0280235578112213,0.5076234621243926,3.768565957058044,3.1092078100379377,2.809207810037938,False,0.0225684477468376
3.58904109589041,3.090128591041732,0.3247013201229368,0.6450826355284827,1.0,4.11663154001703,0.0,0.0,0.0325507207102607,0.5075080799301761,3.757985812008883,3.1210934297483064,2.8210934297483066,False,0.0216271228806836
3.616438356164384,3.103202772723137,0.3267218496731296,0.6456363166126982,1.0,4.130971827857499,0.0,0.0,0.0304863668382023,0.5073922910894217,3.7474310046578503,3.1329149801460674,2.832914980146068,False,0.0206954558100193
3.643835616438356,3.116206478160674,0.32873332148053835,0.6461845198687907,1.0,4.145234902016389,0.0,0.0,0.029081218827209,0.5072760992347118,3.736901472573343,3.144672742084683,2.844672742084683,False,0.0197733703868608
3.671232876712328,3.129140016293152,0.3307357555795179,0.646727297209935,1.0,4.159421096259004,0.0,0.0,0.0305454929488885,0.5071595079810938,3.7263971532037794,3.156366998827533,2.856366998827533,False,0.01886079065897
3.698630136986301,3.142003698710287,0.3327291727014764,0.6472647001126142,1.0,4.173530747426021,0.0,0.0,0.0271368232261781,0.507042520925939,3.715917983880136,3.167998035904528,2.8679980359045283,False,0.0179576408845499
3.7260273972602738,3.1547978394949814,0.33471359425047376,0.6477967796187785,1.0,4.187564195255726,0.0,0.0,0.0327513552794486,0.5069251416488119,3.705463901818439,3.1795661409732765,2.8795661409732767,False,0.0170638455463628
3.7534246575342474,3.1675227550706047,0.3366890422794471,0.6483235863380451,1.0,4.201521782211829,0.0,0.0,0.0298938206216574,0.5068073737113441,3.695034844122232,3.191071603684596,2.891071603684596,False,0.0161793293651599
3.780821917808219,3.180178764053056,0.33865553946704674,0.6488451704499335,1.0,4.215403853316671,0.0,0.0,0.0316964113635017,0.5066892206571177,3.684630747785007,3.2025147155523257,2.902514715552326,False,0.0153040173125622
3.808219178082192,3.1927661871075586,0.34061310909506926,0.6493615817061362,1.0,4.22921075598973,0.0,0.0,0.0274963799995346,0.5065706860115564,3.674251549692611,3.213895769827263,2.9138957698272634,False,0.0144378346233093
3.835616438356164,3.20528534680999,0.34256177502647606,0.649872869432822,1.0,4.242942839891223,0.0,0.0,0.0299199499850289,0.5064517732818213,3.66389718662561,3.225215061375141,2.925215061375141,False,0.0135807068069703
3.863013698630137,3.2177365675126555,0.34450156168397994,0.6503790825329698,1.0,4.256600456770695,0.0,0.0,0.0299442419661271,0.5063324859567162,3.653567595261632,3.236472886558521,2.936472886558521,False,0.012732559659094
3.890410958904109,3.2301201752143736,0.3464324940291901,0.6508802694887323,1.0,4.270183960320459,0.0,0.0,0.0326269587298499,0.5062128275065977,3.643262712177672,3.2476695431225004,2.9476695431225006,False,0.0118933192718322
3.917808219178082,3.242436497434751,0.3483545975423005,0.6513764783638257,1.0,4.283693706033729,0.0,0.0,0.0304303683142564,0.506092801383293,3.632982473852372,3.258805330084124,2.958805330084124,False,0.0110629120440532
3.945205479452055,3.2546858630925364,0.35026789820231,0.6518677568059459,1.0,4.297130051067338,0.0,0.0,0.0298409364063417,0.5059724110200229,3.6227268166682607,3.2698805476253883,2.9698805476253884,False,0.010241264690952
3.9726027397260273,3.266868602387928,0.35217242246776087,0.6523541520492078,1.0,4.310493354108901,0.0,0.0,0.0286018539785513,0.5058516598313318,3.612495676913973,3.280895496989757,2.980895496989757,False,0.0094283042531936
4.0,3.2789850466887334,0.35406819725798383,0.6528357109166071,1.0,4.323783975248304,0.0,0.0,0.0289894139840553,0.5057305512130231,3.6022889907864326,3.291850480382065,2.991850480382065,False,0.0086239581055825
4.027397260273973,3.291035528420272,0.35595524993483835,0.6533124798225027,1.0,4.33700227585339,0.0,0.0,0.0301240344148292,0.5056090885421001,3.592106694393002,3.3027458008717314,3.002745800871732,False,0.0078281539652899
4.054794520547945,3.303020380958905,0.35783360828493554,0.6537845047751183,1.0,4.350148618449733,0.0,0.0,0.0296334687618302,0.5054872751767129,3.581948723753609,3.3135817622991874,3.013581762299188,False,0.0070408198996524
4.082191780821917,3.3149399385291067,0.3597033005023326,0.6542518313790613,1.0,4.3632233666043785,0.0,0.0,0.0271296724792819,0.5053651144561108,3.5718150148028385,3.324358669185417,3.0243586691854176,False,0.0062618843335461
4.10958904109589,3.3267945361039595,0.36156435517168783,0.6547145048378586,1.0,4.376226884813439,0.0,0.0,0.0319577515451661,0.5052426097005991,3.561705503391992,3.335076826644535,3.035076826644535,False,0.0054912760563639
4.136986301369863,3.3385845093089888,0.36341680125186476,0.6551725699565072,1.0,4.389159538393439,0.0,0.0,0.0323769646310386,0.5051197642115015,3.5516201252911235,3.345736540299296,3.045736540299296,False,0.0047289242285955
4.164383561643835,3.350310194329226,0.3652606680599748,0.6556260711440378,1.0,4.402021693376296,0.0,0.0,0.0278414945339916,0.5049965812711279,3.5415588161910407,3.3563381161994945,3.0563381161994947,False,0.0039747583880533
4.191780821917808,3.3619719278194444,0.36709598525584847,0.656075052416092,1.0,4.414813716407844,0.0,0.0,0.0303242168612342,0.5048730641427455,3.5315215117052783,3.3668818607431032,3.0668818607431034,False,0.003228708455696
4.219178082191781,3.373570046817414,0.36892278282692403,0.6565195573975099,1.0,4.427535974649784,0.0,0.0,0.0276514544468126,0.5047492160705558,3.521508147372041,3.377368080600143,3.0773680806001438,False,0.0024907047411472
4.2465753424657535,3.385104888660158,0.370741091073544,0.656959629324928,1.0,4.440188835684976,0.0,0.0,0.0310334405582388,0.5046250402796756,3.51151865865612,3.3877970826391586,3.0877970826391588,False,0.0017606779478421
4.273972602739725,3.396576790903075,0.3725509405946497,0.6573953110493862,1.0,4.452772667425982,0.0,0.0,0.028687402703034,0.5045005399761222,3.501552980950776,3.3981691738562407,3.098169173856241,False,0.0010385591778647
4.301369863013698,3.4079860912418654,0.3743523622738641,0.6578266450389424,1.0,4.465287838026734,0.0,0.0,0.0309565358081514,0.5043757183468024,3.4916110495795976,3.408484661306533,3.1084846613065333,False,0.0003242799364713
4.328767123287671,3.419333127437187,0.3761453872659532,0.6582536733812944,1.0,4.477734715797286,0.0,0.0,0.0313619676857213,0.504250578559507,3.481692799798329,3.418743852038114,3.118743852038114,False,-0.0003822278637098
4.356164383561644,3.4306182372419256,0.3779300469836582,0.6586764377864073,1.0,4.490113669121511,0.0,0.0,0.0316118849515059,0.5041251237629065,3.47179816679667,3.4289470530282498,3.12894705302825,False,-0.0010810318987281
4.383561643835616,3.4418417583310754,0.3797063730848867,0.6590949795891462,1.0,4.502425066377706,0.0,0.0,0.0276464456757353,0.5039993570865543,3.4619270857000464,3.439094571121861,3.1390945711218614,False,-0.0017721994297064
4.410958904109589,3.453004028234048,0.3814743974602577,0.6595093397519125,1.0,4.514669275861969,0.0,0.0,0.0324960710708256,0.5038732816408893,3.4520794915713537,3.4491867129722387,3.149186712972239,False,-0.0024557972994346
4.438356164383562,3.464105384269463,0.38323415222098817,0.6599195588672835,1.0,4.526846665714327,0.0,0.0,0.0283812839453692,0.5037469005172458,3.442255319412673,3.4592237849838536,3.159223784983854,False,-0.0031318919292911
4.465753424657534,3.47514616348224,0.384985669687116,0.6603256771606544,1.0,4.538957603847475,0.0,0.0,0.027224475337057,0.5036202167878645,3.4324545041669605,3.469206093257254,3.1692060932572543,False,-0.0038005493163796
4.493150684931507,3.48612670258298,0.38672898237604875,0.6607277344928817,1.0,4.55100245787809,0.0,0.0,0.0303291148163489,0.5034932335059075,3.422676980719703,3.4791339435359805,3.1791339435359807,False,-0.0044618350309116
4.520547945205479,3.497047337889579,0.38846412299143085,0.6611257703629273,1.0,4.5629815950606325,0.0,0.0,0.0292255337031746,0.5033659537054764,3.412922683900556,3.489007641155412,3.189007641155412,False,-0.0051158142138454
4.547945205479452,3.5079084052709537,0.3901911244123238,0.661519823910502,1.0,4.574895382223563,0.0,0.0,0.0319787384587944,0.5032383804016343,3.403191548484948,3.498827490993535,3.1988274909935352,False,-0.0057625515747159
4.575342465753424,3.518710240092889,0.39191001968268574,0.6619099339187093,1.0,4.586744185707902,0.0,0.0,0.0318495088323858,0.5031105165904287,3.39348350919566,3.508593797423514,3.2085937974235144,False,-0.0064021113897291
4.602739726027397,3.529453177165866,0.3936208420011508,0.6622961388166867,1.0,4.598528371308058,0.0,0.0,0.0289028333569362,0.5029823652489198,3.3837985007043776,3.5183068642680877,3.2183068642680874,False,-0.0070345575000088
4.63013698630137,3.5401375506948964,0.3953236247110934,0.662678476682245,1.0,4.610248304214881,0.0,0.0,0.0327173963704184,0.50285392933521,3.374136457633219,3.5279669947556567,3.227966994755657,False,-0.0076599533101
4.657534246575342,3.550763694231222,0.39701840129097643,0.6630569852445054,1.0,4.621904348960834,0.0,0.0,0.0287455070288407,0.502725211788476,3.364497314556233,3.5375744914780864,3.237574491478086,False,-0.0082783617866237
4.684931506849315,3.5613319406258954,0.3987052053449723,0.6634317018865323,1.0,4.633496869367269,0.0,0.0,0.0300903427753902,0.5025962155290046,3.354881006000876,3.547129656350113,3.247129656350113,False,-0.0088898454571467
4.712328767123287,3.5718426219851245,0.40038407059385117,0.663802663647963,1.0,4.645026228493702,0.0,0.0,0.0285357905434056,0.5024669434582298,3.345287466449456,3.556632790570346,3.2566327905703463,False,-0.0094944664092125
4.73972602739726,3.582296069627381,0.40205503086613115,0.6641699072276318,1.0,4.656492788589057,0.0,0.0,0.0326162614202937,0.5023373984587736,3.3357166303405608,3.5660841945838064,3.2660841945838066,False,-0.0100922862895529
4.767123287671232,3.592692614042188,0.4037181200894819,0.6645334689861898,1.0,4.667896911044812,0.0,0.0,0.0279876469054921,0.5022075833944872,3.326168432070452,3.575484168045933,3.2754841680459337,False,-0.0106833663034733
4.794520547945205,3.603032584850528,0.405373372282376,0.6648933849487187,1.0,4.679238956349966,0.0,0.0,0.0272694637163539,0.5020775011104964,3.3166428059944373,3.584833009788069,3.2848330097880694,False,-0.0112677672143693
4.821917808219178,3.613316310766877,0.40702082154598324,0.6652496908073384,1.0,4.690519284047824,0.0,0.0,0.0296105823600182,0.5019471544332484,3.30713968642822,3.594131017784309,3.2941310177843097,False,-0.0118455493434366
4.849315068493151,3.623544119562741,0.4086605020562988,0.6656024219238079,1.0,4.701738252694497,0.0,0.0,0.032954253384335,0.5018165461705602,3.29765900764922,3.603378489119738,3.3033784891197384,False,-0.012416772569491
4.876712328767123,3.633716338031713,0.4102924480565029,0.6659516133321195,1.0,4.712896219819092,0.0,0.0,0.0323500635975294,0.5016856791116694,3.288200703897871,3.612575719959964,3.3125757199599644,False,-0.0129814963289537
4.904109589041096,3.643833291955961,0.4119166938495432,0.666297299741085,1.0,4.723993541885523,0.0,0.0,0.0314916481167417,0.5015545560272875,3.278764709378899,3.621723005521944,3.321723005521944,False,-0.0135397796159593
4.931506849315069,3.6538953060741375,0.41353327379093635,0.6666395155369144,1.0,4.735030574255926,0.0,0.0,0.0323447549452711,0.5014231796696537,3.2693509582625664,3.630820640046042,3.330820640046042,False,-0.0140916809825982
4.9589041095890405,3.6639027040506464,0.41514222228178177,0.6669782947857855,1.0,4.7460076711555885,0.0,0.0,0.0323606798381871,0.5012915527725919,3.259959384685901,3.639868916769282,3.3398689167692823,False,-0.0146372585392923
4.986301369863013,3.673855808446211,0.4167435737619831,0.6673136712364058,1.0,4.756925185639362,0.0,0.0,0.0301131501623186,0.5011596780515684,3.2505899227538984,3.6488681278997896,3.34886812789979,False,-0.0151765699552618
5.013698630136986,3.683754940689769,0.41833736270367244,0.6676456783225644,1.0,4.767783469559554,0.0,0.0,0.0288955743109847,0.5010275582037518,3.241242506540699,3.657818564592328,3.357818564592328,False,-0.0157096724591501
5.041095890410959,3.693600421051561,0.41992362360483076,0.6679743491656748,1.0,4.778582873535173,0.0,0.0,0.0316320745926659,0.5008951959080743,3.231917070090745,3.66672051692496,3.36672051692496,False,-0.0162366228397157
5.068493150684931,3.703392568617456,0.4215023909831009,0.6682997165773079,1.0,4.7893237469225625,0.0,0.0,0.0309699675790065,0.5007625938252942,3.222613547419912,3.67557427387675,3.37557427387675,False,-0.0167574774466613
5.095890410958904,3.713131701264426,0.4230736993697878,0.6686218130617152,1.0,4.800006437787331,0.0,0.0,0.0292419463732422,0.5006297545980605,3.21333187251662,3.684380123306512,3.3843801233065123,False,-0.0172722921915386
5.123287671232877,3.722818135637164,0.4246375833040414,0.6689406708183405,1.0,4.810631292877573,0.0,0.0,0.027566800008369,0.5004966808509788,3.204071979342917,3.693138351932535,3.393138351932535,False,-0.0177811225487748
5.150684931506849,3.732452187125789,0.4261940773272165,0.6692563217443226,1.0,4.821198657598307,0.0,0.0,0.0314807376680941,0.5003633751906771,3.1948338018355487,3.701849245313296,3.401849245313296,False,-0.0182840235567622
5.178082191780821,3.742034169844626,0.4277432159774074,0.6695687974369853,1.0,4.831708875987132,0.0,0.0,0.0285747630955371,0.5002298402058757,3.1856172739069963,3.710513087829088,3.4105130878290884,False,-0.0187810498190675
5.205479452054794,3.7515643966119976,0.42928503378414956,0.6698781291963172,1.0,4.842162290691019,0.0,0.0,0.0326208789032026,0.5000960784674554,3.176422329446499,3.719130162664568,3.419130162664568,False,-0.0192722555056987
5.232876712328767,3.761043178931025,0.4308195652632874,0.6701843480274399,1.0,4.85255924294425,0.0,0.0,0.0284458234500341,0.4999620925285292,3.1672489023210515,3.727700751792191,3.427700751792191,False,-0.0197576943544584
5.260273972602739,3.7704708269714096,0.43234684491200187,0.6704874846430641,1.0,4.862900072547439,0.0,0.0,0.0277365475944689,0.4999620925285292,3.1580969263763814,3.736225135956461,3.436225135956461,False,-0.0202374196724015
5.287671232876712,3.779847649552108,0.43386764616582835,0.670787569465934,1.0,4.873185117847597,0.0,0.0,0.0319866760327494,0.4999620925285292,3.148966335437904,3.744710297155077,3.444710297155077,False,-0.0207075343479942
5.315068493150685,3.789181326870585,0.435381996890161,0.6710846326312595,1.0,4.883418737216845,0.0,0.0,0.0279197058997469,0.4999620925285292,3.139857063311657,3.75315203901025,3.4531520390102504,False,-0.0211750861723693
5.342465753424658,3.798467242911276,0.4368899271577106,0.6713787040120546,1.0,4.893600592014573,0.0,0.0,0.0280756098489464,0.4999620925285292,3.130769043785139,3.761553531824172,3.461553531824172,False,-0.021635521565274
5.36986301369863,3.807708885006589,0.43839146554794295,0.6716698131823443,1.0,4.903732415101789,0.0,0.0,0.030596296749125,0.4999620925285292,3.121702210628256,3.769913080677372,3.4699130806773724,False,-0.0220919170772725
5.397260273972602,3.81690438874511,0.4398866415673785,0.6719579894450926,1.0,4.913814055957318,0.0,0.0,0.0322473722450247,0.4999620925285292,3.1126564975941617,3.778232205735968,3.478232205735968,False,-0.0225423221968017
5.424657534246575,3.8260554263095647,0.4413754840548276,0.6722432618180185,1.0,4.92384635142024,0.0,0.0,0.0281786079942874,0.4999620925285292,3.1036318384201325,3.786510296248876,3.486510296248876,False,-0.0229881024996887
5.452054794520548,3.8351613258737633,0.4428580222247743,0.6725256590468176,1.0,4.933829353459445,0.0,0.0,0.0288619420374005,0.4999620925285292,3.094628166828389,3.7947481528731415,3.4947481528731417,False,-0.0234284317471551
5.47945205479452,3.844222968160456,0.44433428497493155,0.6728052096004818,1.0,4.943763568453607,0.0,0.0,0.031664429029447,0.4999620925285292,3.0856454165269165,3.802945636911028,3.5029456369110283,False,-0.0238639335728848
5.506849315068493,3.8532402006021313,0.4458043013379682,0.6730819416782919,1.0,4.953649166373421,0.0,0.0,0.0328309585563658,0.4999620925285292,3.076683521210253,3.8111032326505954,3.5111032326505955,False,-0.0242942700587472
5.534246575342466,3.862213555915656,0.4472681001781761,0.6733558832091477,1.0,4.963486522777068,0.0,0.0,0.030004447117214,0.4999620925285292,3.0677424145602665,3.8192210074463366,3.519221007446337,False,-0.0247197409145465
5.561643835616438,3.871143108190971,0.44872571038744263,0.6736270618558958,1.0,4.973275865856336,0.0,0.0,0.0278633850153075,0.4999620925285292,3.058822030246907,3.827299304914952,3.527299304914952,False,-0.0251402213765738
5.58904109589041,3.880029235406447,0.4501771607508071,0.6738955050163529,1.0,4.98301751587714,0.0,0.0,0.0270836177262492,0.4999620925285292,3.0499223019289405,3.835338282161009,3.535338282161009,False,-0.0255558686568572
5.616438356164383,3.8888721103771102,0.4516224800312559,0.6741612398264765,1.0,4.992711727235175,0.0,0.0,0.0283779361799931,0.4999620925285292,3.041043163254667,3.843338219159244,3.5433382191592444,False,-0.025966651366878
5.643835616438356,3.897672041075169,0.4530616969090802,0.6744242931620977,1.0,5.002358795113135,0.0,0.0,0.0277909333067191,0.4999620925285292,3.0321845478626126,3.851299311603933,3.551299311603933,False,-0.0263726634393906
5.671232876712328,3.906429242764327,0.4544948400181012,0.6746846916415776,1.0,5.011958984518928,0.0,0.0,0.0310659520416771,0.4999620925285292,3.0233463893822106,3.859221809795612,3.5592218097956123,False,-0.0267739144119297
5.698630136986301,3.915143990775174,0.4559219379175206,0.6749424616278281,1.0,5.021512578136831,0.0,0.0,0.0277309950277711,0.4999620925285292,3.014528621434457,3.867105925375701,3.567105925375701,False,-0.027170469736551
5.726027397260274,3.923816517913272,0.45734301910684627,0.675197629230729,1.0,5.031019844293836,0.0,0.0,0.0300379795897238,0.4999620925285292,3.005731177632556,3.8749518940337495,3.5749518940337497,False,-0.0275623567771763
5.753424657534247,3.932447083437125,0.45875811201218103,0.6754502203092574,1.0,5.040481058567168,0.0,0.0,0.0311655746138573,0.4999620925285292,2.9969539915825325,3.8827599332752647,3.582759933275265,False,-0.0279496278836576
5.780821917808219,3.941035926602792,0.4601672449917968,0.6757002604737828,1.0,5.049896489248742,0.0,0.0,0.0304866996553254,0.4999620925285292,2.988196996883845,3.8905302708946343,3.590530270894635,False,-0.0283323180159949
5.808219178082192,3.949583297984099,0.46157044632891886,0.6759477750882273,1.0,5.059266407161152,0.0,0.0,0.0281986539099603,0.4999620925285292,2.9794601271299688,3.898263125742959,3.59826312574296,False,-0.0287104732600927
5.835616438356164,3.958089438317256,0.4629677442332141,0.6761927892722899,1.0,5.068591079026352,0.0,0.0,0.0318247471570935,0.4999620925285292,2.97074331590896,3.905958720728812,3.605958720728813,False,-0.0290841316177931
5.863013698630136,3.966554592801694,0.46435916683655254,0.6764353279036026,1.0,5.077870771950463,0.0,0.0,0.0312924427776948,0.4999620925285292,2.96204649680401,3.9136172740108335,3.6136172740108337,False,-0.0294533359718389
5.890410958904109,3.9749790014119175,0.46574474219274076,0.6766754156199078,1.0,5.087105750381732,0.0,0.0,0.0314339040234932,0.4999620925285292,2.9533696033939782,3.921239004966636,3.621239004966636,False,-0.0298181253296148
5.917808219178082,3.9833629054633,0.46712449827469427,0.6769130768211955,1.0,5.096296278170848,0.0,0.0,0.0277863465093438,0.4999620925285292,2.9447125692539067,3.928824130137047,3.628824130137047,False,-0.0301785407511057
5.945205479452055,3.991706543150752,0.4684984629734495,0.6771483356718414,1.0,5.105442617167652,0.0,0.0,0.027742522821902,0.4999620925285292,2.936075327955518,3.9363728659815274,3.636372865981527,False,-0.0305346213363009
5.972602739726027,4.00001015257968,0.4698666640960426,0.6773812161027201,1.0,5.114545028172742,0.0,0.0,0.032565375306039,0.4999620925285292,2.927457813067699,3.9438854270003576,3.643885427000358,False,-0.0308864069511122
6.0,4.008273969700394,0.4712291293642619,0.6776117418133087,1.0,5.123603770286586,0.0,0.0,0.0293854691629496,0.4999620925285292,2.918859958156963,3.951362027013618,3.651362027013618,False,-0.0312339363792188
6.027397260273972,4.016498229714981,0.472585886412911,0.6778399362737724,1.0,5.132619101351463,0.0,0.0,0.0288056921506856,0.4999620925285292,2.9102816967879006,3.958802878287227,3.658802878287227,False,-0.0315772485829932
6.0547945205479445,4.02468316611595,0.4739369627885059,0.6780658227270357,1.0,5.141591277648067,0.0,0.0,0.0299315042721092,0.4999620925285292,2.9017229625236105,3.9662081921300194,3.66620819213002,False,-0.0319163818483162
6.082191780821917,4.032829011343022,0.47528238594777616,0.6782894241908388,1.0,5.150520554102045,0.0,0.0,0.0309771852765814,0.4999620925285292,2.893183688926115,3.9735781784851274,3.673578178485127,False,-0.0322513743716069
6.10958904109589,4.04093599633364,0.4766221832563938,0.6785107634597781,1.0,5.159407184142099,0.0,0.0,0.0327337395422818,0.4999620925285292,2.884663809556759,3.980913046210532,3.680913046210532,False,-0.0325822638626507
6.136986301369863,4.049004350831586,0.4779563819876419,0.6787298631073319,1.0,5.168251419797369,0.0,0.0,0.0287186773612923,0.4999620925285292,2.8761632579765952,3.9882130028874334,3.6882130028874336,False,-0.0329090878199641
6.164383561643835,4.057034303176177,0.4792850093212143,0.6789467454878709,1.0,5.1770535116311445,0.0,0.0,0.0325488505758721,0.4999620925285292,2.867681967746749,3.99547825495323,3.69547825495323,False,-0.0332318833460076
6.191780821917808,4.065026080448553,0.48060809234201496,0.6791614327386544,1.0,5.185813708787511,0.0,0.0,0.0271491569483175,0.4999620925285292,2.859219872428775,4.002709007611684,3.702709007611684,False,-0.0335506872776669
6.219178082191781,4.072979908372853,0.4819256580390435,0.6793739467818096,1.0,5.194532258960765,0.0,0.0,0.0303311882539609,0.4999620925285292,2.850776905584987,4.009905464896854,3.7099054648968544,False,-0.033865536100457
6.2465753424657535,4.08089601138654,0.4832377333043063,0.6795843093262978,1.0,5.203209408418496,0.0,0.0,0.0308038506700865,0.4999620925285292,2.842353000778786,4.017067829631394,3.717067829631394,False,-0.0341764660112842
6.273972602739725,4.088774612594533,0.48454434493179127,0.679792541869864,1.0,5.211845401988084,0.0,0.0,0.0276353844225045,0.4999620925285292,2.8339480915749617,4.024196303458068,3.724196303458069,False,-0.0344835128790618
6.301369863013698,4.096615933803876,0.4858455196164784,0.6799986657009733,1.0,5.220440483068884,0.0,0.0,0.0278420375823834,0.4999620925285292,2.825562111539985,4.031291086821039,3.731291086821039,False,-0.0347867122756322
6.328767123287671,4.104420195503143,0.48714128395340384,0.6802027019007303,1.0,5.228994893627065,0.0,0.0,0.0295146859158978,0.4999620925285292,2.817194994242284,4.038352378982183,3.7383523789821833,False,-0.0350860994582513
6.356164383561644,4.112187616880402,0.4884316644367624,0.6804046713447851,1.0,5.237508874202843,0.0,0.0,0.032797391472859,0.4999620925285292,2.808846673252505,4.045380378013471,3.745380378013471,False,-0.0353817093854839
6.383561643835616,4.119918415814818,0.48971668745905667,0.680604594705224,1.0,5.245982663909504,0.0,0.0,0.0305762553194062,0.4999620925285292,2.8005170821437595,4.052375280806234,3.752375280806234,False,-0.0356735767100145
6.410958904109589,4.127612808886858,0.49099637931028617,0.6808024924524455,1.0,5.254416500438492,0.0,0.0,0.0325981393296012,0.4999620925285292,2.792206154491857,4.059337283068984,3.7593372830689846,False,-0.0359617357874317
6.438356164383562,4.135271011375884,0.49227076617717785,0.6809983848570208,1.0,5.262810620060637,0.0,0.0,0.0318261654936778,0.4999620925285292,2.7839138238755203,4.066266579333467,3.7662665793334673,False,-0.0362462206739392
6.465753424657533,4.142893237266814,0.4935398741424558,0.6811922919915411,1.0,5.271165257630399,0.0,0.0,0.0298042896093317,0.4999620925285292,2.7756400238765924,4.073163362955237,3.773163362955237,False,-0.0365270651317443
6.493150684931506,4.150479699250761,0.4948037291841498,0.6813842337324485,1.0,5.2794806465883415,0.0,0.0,0.0317085806955131,0.4999620925285292,2.7673846880802238,4.080027826118315,3.780027826118316,False,-0.0368043026291023
6.520547945205479,4.158030608730147,0.496062357174941,0.6815742297618539,1.0,5.28775701896516,0.0,0.0,0.0271070207038619,0.4999620925285292,2.7591477500750474,4.086860159837227,3.786860159837227,False,-0.0370779663440838
6.547945205479452,4.16554617582095,0.4973157838815449,0.6817622995693391,1.0,5.295994605384917,0.0,0.0,0.0276548639805944,0.4999620925285292,2.7509291434533454,4.093660553961112,3.793660553961112,False,-0.0373480891657261
6.575342465753424,4.173026609357224,0.49856403496412766,0.6819484624537451,1.0,5.304193635069125,0.0,0.0,0.0319765716892964,0.4999620925285292,2.7427288018111904,4.100429197176594,3.8004291971765936,False,-0.037614703697017
6.602739726027397,4.180472116894254,0.4998071359757592,0.6821327375249456,1.0,5.312354335840519,0.0,0.0,0.0317809025299509,0.4999620925285292,2.7345466587485854,4.107166277011752,3.807166277011752,False,-0.0378778422565731
6.63013698630137,4.187882904712927,0.5010451123618982,0.682315143705607,1.0,5.320476934127311,0.0,0.0,0.0283958444517986,0.4999620925285292,2.726382647869582,4.113871979839507,3.813871979839507,False,-0.0381375368812341
6.657534246575342,4.195259177823458,0.5022779894599104,0.6824956997329322,1.0,5.32856165496736,0.0,0.0,0.0301846175435943,0.4999620925285292,2.7182367027823906,4.12054649088163,3.82054649088163,False,-0.0383938193279984
6.684931506849315,4.202601139969793,0.503505792498618,0.6826744241603926,1.0,5.336608722012658,0.0,0.0,0.0306360949242,0.4999620925285292,2.710108757099473,4.127189994212487,3.827189994212487,False,-0.0386467210764147
6.712328767123287,4.209908993633737,0.5047285465978801,0.6828513353594439,1.0,5.344618357533821,0.0,0.0,0.032206433722656,0.4999620925285292,2.701998744437625,4.133802672763165,3.8338026727631656,False,-0.0388962733306327
6.73972602739726,4.217182940039482,0.5059462767682028,0.6830264515212288,1.0,5.35259078242481,0.0,0.0,0.0306186429440323,0.4999620925285292,2.693906598418047,4.140384708325506,3.840384708325506,False,-0.0391425070216832
6.767123287671232,4.224423179158057,0.5071590079103784,0.6831997906582655,1.0,5.360526216207709,0.0,0.0,0.029475429415642,0.4999620925285292,2.685832252666396,4.146936281556339,3.84693628155634,False,-0.0393854528096027
6.794520547945205,4.231629909711974,0.5083667648151529,0.6833713706061221,1.0,5.368424877037659,0.0,0.0,0.029245104260443,0.4999620925285292,2.6777756408128344,4.153457571981781,3.8534575719817816,False,-0.0396251410856135
6.821917808219178,4.2388033291799605,0.5095695721629205,0.6835412090250769,1.0,5.376286981707898,0.0,0.0,0.029555292518241,0.4999620925285292,2.669736696492055,4.159948758001599,3.8599487580016,False,-0.0398616019742939
6.849315068493151,4.24594363380176,0.5107674545234456,0.6837093234017655,1.0,5.384112745654909,0.0,0.0,0.0309115861534798,0.4999620925285292,2.661715353343304,4.166410016893698,3.866410016893698,False,-0.0400948653357077
6.876712328767123,4.2530510185830686,0.5119604363556092,0.6838757310508135,1.0,5.391902382963674,0.0,0.0,0.0322049437905139,0.4999620925285292,2.653711545010385,4.172841524818638,3.8728415248186394,False,-0.0403249607675715
6.904109589041095,4.260125677300502,0.5131485420071814,0.6840404491164556,1.0,5.39965610637302,0.0,0.0,0.0297233812924577,0.4999620925285292,2.645725205141653,4.179243456824302,3.879243456824303,False,-0.0405519176073474
6.931506849315068,4.267167802506733,0.5143317957146187,0.6842034945741415,1.0,5.407374127281091,0.0,0.0,0.0284870373777081,0.4999620925285292,2.6377562673899977,4.185615986850519,3.885615986850519,False,-0.0407757649344255
6.9589041095890405,4.274177585535571,0.5155102216028834,0.684364884232128,1.0,5.415056655750857,0.0,0.0,0.0284199741779854,0.4999620925285292,2.6298046654128093,4.191959287733903,3.8919592877339033,False,-0.0409965315721569
6.986301369863013,4.281155216507294,0.5166838436852874,0.6845246347330571,1.0,5.422703900515771,0.0,0.0,0.0314760856814606,0.4999620925285292,2.621870332871941,4.198273531212612,3.898273531212612,False,-0.0412142460900362
7.013698630136986,4.288100884333874,0.5178526858633579,0.6846827625555217,1.0,5.430316068985452,0.0,0.0,0.0318994125805434,0.4999620925285292,2.613953203433653,4.2045588879312925,3.9045588879312927,False,-0.041428936805723
7.041095890410959,4.295014776724423,0.5190167719267238,0.6848392840156173,1.0,5.437893367251502,0.0,0.0,0.0276316684791247,0.4999620925285292,2.606053210768547,4.210815527445975,3.9108155274459753,False,-0.0416406317871825
7.068493150684931,4.301897080190573,0.5201761255530256,0.6849942152684806,1.0,5.445436000093336,0.0,0.0,0.027399353141731,0.4999620925285292,2.598170288551489,4.217043618229127,3.917043618229127,False,-0.0418493588547003
7.095890410958904,4.30874798005204,0.5213307703078417,0.6851475723098149,1.0,5.452944170984144,0.0,0.0,0.0305666019825387,0.4999620925285292,2.5903043704615216,4.223243327674664,3.923243327674665,False,-0.0420551455829926
7.123287671232877,4.315567660442131,0.5224807296446387,0.685299370977403,1.0,5.46041808209687,0.0,0.0,0.0278770394651561,0.4999620925285292,2.582455390181764,4.22941482210309,3.92941482210309,False,-0.0422580193032116
7.150684931506849,4.3223563043134,0.5236260269047379,0.6854496269526058,1.0,5.467857934310289,0.0,0.0,0.031947985142738,0.4999620925285292,2.574623281399299,4.235558266766621,3.9355582667666216,False,-0.042458007105013
7.178082191780821,4.329114093443284,0.5247666853173021,0.6855983557618492,1.0,5.475263927215118,0.0,0.0,0.0288620080435444,0.4999620925285292,2.5668079778050537,4.241673825854407,3.941673825854407,False,-0.042655135838558
7.205479452054794,4.335841208439848,0.5259027279993393,0.6857455727780978,1.0,5.482636259120203,0.0,0.0,0.0278632315978268,0.4999620925285292,2.5590094130936643,4.247761662497748,3.947761662497748,False,-0.0428494321165449
7.232876712328767,4.342537828747523,0.5270341779557244,0.6858912932223152,1.0,5.489975127058751,0.0,0.0,0.0325258228349246,0.4999620925285292,2.551227520963332,4.253821938775381,3.9538219387753815,False,-0.0430409223162004
7.260273972602739,4.34920413265292,0.528161058079238,0.686035532164913,1.0,5.497280726794604,0.0,0.0,0.0279931903364116,0.4999620925285292,2.543462235115668,4.259854815718798,3.9598548157187983,False,-0.0432296325812684
7.287671232876712,4.355840297290678,0.5292833911506215,0.6861783045271853,1.0,5.504553252828581,0.0,0.0,0.0287083204940276,0.4999620925285292,2.535713489255527,4.265860453317574,3.965860453317574,False,-0.0434155888239998
7.315068493150685,4.362446498649332,0.5304011998386481,0.6863196250827327,1.0,5.511792898404835,0.0,0.0,0.0279216803711523,0.4999620925285292,2.527981217090833,4.271839010524771,3.9718390105247714,False,-0.0435988167270982
7.342465753424657,4.3690229115772485,0.5315145067002089,0.686459508458872,1.0,5.51899985551728,0.0,0.0,0.0276929403819921,0.4999620925285292,2.5202653523323884,4.277790645262322,3.9777906452623215,False,-0.0437793417456968
7.369863013698629,4.375569709788555,0.5326233341804145,0.6865979691380352,1.0,5.526174314916033,0.0,0.0,0.0271268880980186,0.4999620925285292,2.512565828693679,4.283715514426488,3.983715514426488,False,-0.0439571891092762
7.397260273972602,4.382087065869137,0.533727704612711,0.6867350214591545,1.0,5.533316466113909,0.0,0.0,0.0273323724549855,0.4999620925285292,2.504882579890665,4.289613773893294,3.9896137738932937,False,-0.0441323838236169
7.424657534246575,4.388575151282623,0.5348276402190094,0.6868706796190372,1.0,5.540426497392931,0.0,0.0,0.0280478488256151,0.4999620925285292,2.497215539641565,4.295485578524042,3.9954855785240415,False,-0.0443049506726876
7.4520547945205475,4.395034136376447,0.5359231631098297,0.6870049576737262,1.0,5.547504595810891,0.0,0.0,0.027320291595763,0.4999620925285292,2.4895646416666213,4.301331082170788,4.001331082170788,False,-0.0444749142205811
7.47945205479452,4.401464190387867,0.5370142952844565,0.6871378695398499,1.0,5.554550947207918,0.0,0.0,0.0305468628966658,0.4999620925285292,2.481929819687868,4.3071504376818845,4.007150437681885,False,-0.0446422988133751
7.506849315068493,4.407865481450074,0.5381010586311094,0.6872694289959603,1.0,5.5615657362130895,0.0,0.0,0.031084287160797,0.4999620925285292,2.4743110074288777,4.3129437969075095,4.01294379690751,False,-0.0448071285810342
7.534246575342466,4.4142381765982615,0.5391834749271239,0.6873996496838582,1.0,5.56854914625105,0.0,0.0,0.0293617827409921,0.4999620925285292,2.466708138614505,4.318711310705235,4.018711310705236,False,-0.0449694274392572
7.561643835616438,4.42058244177576,0.5402615658391448,0.6875285451099075,1.0,5.575501359548666,0.0,0.0,0.0289079465817122,0.4999620925285292,2.4591211469706167,4.324453128945586,4.024453128945586,False,-0.0451292190913457
7.58904109589041,4.426898441840145,0.5413353529233316,0.6876561286463367,1.0,5.582422557141685,0.0,0.0,0.0300271574221333,0.4999620925285292,2.4515499662238143,4.330169400517627,4.030169400517627,False,-0.0452865270300337
7.616438356164383,4.43318634056939,0.5424048576255742,0.6877824135325309,1.0,5.589312918881419,0.0,0.0,0.0322500296534076,0.4999620925285292,2.4439945301011443,4.335860273334567,4.035860273334567,False,-0.0454413745393131
7.643835616438356,4.439446300668024,0.5434701012817204,0.6879074128763095,1.0,5.59617262344145,0.0,0.0,0.0321067897609332,0.4999620925285292,2.4364547723298013,4.34152589433933,4.04152589433933,False,-0.0455937846962691
7.671232876712328,4.445678483773263,0.5445311051178119,0.6880311396551948,1.0,5.603001848324323,0.0,0.0,0.0272608503720767,0.4999620925285292,2.42893062663682,4.347166409510211,4.047166409510211,False,-0.0457437803728405
7.698630136986301,4.451883050461233,0.5455878902503333,0.6881536067176678,1.0,5.609800769868288,0.0,0.0,0.0280889904575791,0.4999620925285292,2.4214220267487594,4.35278196386644,4.05278196386644,False,-0.0458913842376612
7.726027397260274,4.458060160253085,0.5466404776864672,0.6882748267844131,1.0,5.616569563254008,0.0,0.0,0.0284204692266263,0.4999620925285292,2.4139289063913747,4.358372701473849,4.058372701473849,False,-0.0460366187577826
7.7534246575342465,4.4642099716212345,0.5476888883243621,0.688394812449553,1.0,5.623308402511314,0.0,0.0,0.0284963254549932,0.4999620925285292,2.406451199289282,4.363938765450459,4.063938765450459,False,-0.0461795062004796
7.780821917808218,4.470332641995505,0.5487331429534067,0.6885135761818701,1.0,5.630017460525932,0.0,0.0,0.0304273959104566,0.4999620925285292,2.398988839165615,4.369480297972124,4.069480297972124,False,-0.0463200686349729
7.808219178082191,4.476428327769336,0.5497732622545143,0.6886311303260185,1.0,5.636696909046241,0.0,0.0,0.0294975745542191,0.4999620925285292,2.391541759741667,4.374997440278153,4.074997440278153,False,-0.0464583279341771
7.835616438356164,4.482497184305969,0.5508092668004155,0.6887474871037248,1.0,5.643346918690012,0.0,0.0,0.0272955247195655,0.4999620925285292,2.384109894736532,4.380490332676928,4.080490332676928,False,-0.0465943057764249
7.863013698630136,4.4885393659446216,0.5518411770559583,0.6888626586149778,1.0,5.649967658951163,0.0,0.0,0.0292416848307574,0.4999620925285292,2.3766931778667284,4.38595911455154,4.08595911455154,False,-0.0467280236471677
7.890410958904109,4.494555026006694,0.5528690133784162,0.6889766568392072,1.0,5.656559298206505,0.0,0.0,0.0301425176923058,0.4999620925285292,2.3692915428458194,4.391403924365396,4.091403924365396,False,-0.0468595028406875
7.917808219178082,4.500544316801936,0.5538927960178053,0.6890894936364521,1.0,5.66312200372249,0.0,0.0,0.0276100314174222,0.4999620925285292,2.3619049233840226,4.396824899667833,4.096824899667833,False,-0.0469887644617779
7.945205479452055,4.506507389634617,0.5549125451172057,0.6892011807485188,1.0,5.6696559416619445,0.0,0.0,0.0320007513227313,0.4999620925285292,2.3545332531878094,4.402222177099756,4.1022221770997565,False,-0.0471158294273965
7.972602739726027,4.512444394809733,0.5559282807130927,0.6893117298001271,1.0,5.676161277090826,0.0,0.0,0.0273117711987906,0.4999620925285292,2.347176465959498,4.407595892399192,4.107595892399192,False,-0.0472407184683673
8.0,4.518355481639111,0.5569400227356732,0.6894211523000476,1.0,5.682638173984928,0.0,0.0,0.0325490512141083,0.4999620925285292,2.339834495396836,4.412946180406944,4.1129461804069445,False,-0.0473634521309698
8.027397260273972,4.524240798447639,0.5579477910092289,0.6895294596422276,1.0,5.689086795236631,0.0,0.0,0.0275946788494792,0.4999620925285292,2.332507275192575,4.41827317507213,4.11827317507213,False,-0.0474840507786305
8.054794520547945,4.530100492579344,0.5589516052524653,0.6896366631069067,1.0,5.695507302661594,0.0,0.0,0.0320614497095865,0.4999620925285292,2.325194739034037,4.423577009457799,4.123577009457799,False,-0.0476025345934942
8.082191780821917,4.53593471040358,0.5599514850788678,0.6897427738617231,1.0,5.701899857005476,0.0,0.0,0.0324159188635657,0.4999620925285292,2.317896820602669,4.428857815746484,4.128857815746484,False,-0.047718923578063
8.10958904109589,4.541743597321132,0.5609474499970618,0.6898478029628085,1.0,5.708264617950628,0.0,0.0,0.0328774240835195,0.4999620925285292,2.3106134535735974,4.434115725245758,4.134115725245758,False,-0.0478332375567807
8.136986301369863,4.547527297770334,0.5619395194111801,0.6899517613558735,1.0,5.714601744122769,0.0,0.0,0.0318121552816415,0.4999620925285292,2.3033445716151606,4.439350868393787,4.139350868393787,False,-0.0479454961776144
8.164383561643834,4.553285955233166,0.5629277126212339,0.6900546598772836,1.0,5.720911393097657,0.0,0.0,0.0316768652446279,0.4999620925285292,2.296090108388446,4.4445633747648765,4.144563374764877,False,-0.0480557189136179
8.191780821917808,4.559019712241365,0.5639120488234896,0.6901565092551241,1.0,5.727193721407754,0.0,0.0,0.0308548996559732,0.4999620925285292,2.2888499975468144,4.449753373074964,4.149753373074964,False,-0.048163925064509
8.21917808219178,4.564728710382461,0.5648925471108511,0.6902573201102558,1.0,5.733448884548856,0.0,0.0,0.0316739781274687,0.4999620925285292,2.2816241727354103,4.454920991187151,4.154920991187151,False,-0.048270133758189
8.246575342465754,4.570413090305866,0.5658692264732451,0.6903571029573613,1.0,5.739677036986718,0.0,0.0,0.0278073132504788,0.4999620925285292,2.274412567590673,4.460066356117193,4.160066356117193,False,-0.0483743639522858
8.273972602739725,4.576072991728913,0.5668421057980124,0.690455868205981,1.0,5.745878332163675,0.0,0.0,0.0302164082156858,0.4999620925285292,2.267215115739836,4.46518959403896,4.16518959403896,False,-0.0484766344356826
8.301369863013699,4.581708553442857,0.5678112038703023,0.6905536261615399,1.0,5.7520529225052135,0.0,0.0,0.0300853372211424,0.4999620925285292,2.2600317508004126,4.470290830289925,4.170290830289925,False,-0.0485769638299992
8.32876712328767,4.587319913318918,0.5687765393734713,0.6906503870263644,1.0,5.758200959426562,0.0,0.0,0.0321454328647353,0.4999620925285292,2.252862406379685,4.475370189376579,4.175370189376579,False,-0.0486753705911176
8.356164383561643,4.592907208314237,0.5697381308894861,0.6907461609006901,1.0,5.764322593339228,0.0,0.0,0.029776796193561,0.4999620925285292,2.2457070160741748,4.4804277949798825,4.180427794979883,False,-0.0487718730106357
8.383561643835616,4.598470574477871,0.5706959968993298,0.6908409577836603,1.0,5.770417973657543,0.0,0.0,0.0293105369766021,0.4999620925285292,2.238565513469112,4.485463769960666,4.185463769960666,False,-0.048866489217354
8.410958904109588,4.604010146956734,0.5716501557834117,0.6909347875743147,1.0,5.776487248805172,0.0,0.0,0.0308373796274226,0.4999620925285292,2.23143783213789,4.490478236365018,4.190478236365018,False,-0.0489592371787293
8.438356164383562,4.60952606000152,0.5726006258219801,0.6910276600725695,1.0,5.782530566221596,0.0,0.0,0.028598779905005,0.4999620925285292,2.2243239056415223,4.495471315429662,4.195471315429662,False,-0.049050134702315
8.465753424657533,4.615018446972629,0.5735474251955386,0.6911195849801879,1.0,5.788548072368596,0.0,0.0,0.0278386104657237,0.4999620925285292,2.217223667528081,4.500443127587313,4.200443127587313,False,-0.0491391994371991
8.493150684931507,4.620487440346045,0.5744905719852654,0.6912105719017414,1.0,5.794539912736686,0.0,0.0,0.0298672636441424,0.4999620925285292,2.210137051332133,4.505393792472001,4.205393792472001,False,-0.0492264488754254
8.520547945205479,4.625933171719201,0.5754300841734354,0.6913006303455629,1.0,5.800506231851544,0.0,0.0,0.0295013362115693,0.4999620925285292,2.20306399057417,4.510323428924392,4.210323428924392,False,-0.0493119003533975
8.54794520547945,4.631355771816831,0.5763659796438444,0.6913897697246901,1.0,5.806447173280406,0.0,0.0,0.0283954196431732,0.4999620925285292,2.1960044187600243,4.515232154997079,4.21523215499708,False,-0.0493955710532795
8.575342465753424,4.636755370496788,0.5772982761822366,0.6914779993578006,1.0,5.81236287963845,0.0,0.0,0.0292050708606907,0.4999620925285292,2.1889582693802843,4.52012008795985,4.220120087959851,False,-0.049477478004383
8.602739726027396,4.642132096755836,0.5782269914767341,0.6915653284701375,1.0,5.818253492595136,0.0,0.0,0.0291983546989574,0.4999620925285292,2.181925475909698,4.524987344304938,4.224987344304938,False,-0.0495576380845353
8.63013698630137,4.647486078735432,0.5791521431182679,0.6916517661944271,1.0,5.82411915288053,0.0,0.0,0.0289649733864752,0.4999620925285292,2.1749059718065697,4.529834039752254,4.229834039752254,False,-0.0496360680214405
8.657534246575342,4.65281744372748,0.5800737486010131,0.6917373215717879,1.0,5.829960000291618,0.0,0.0,0.0292767844783615,0.4999620925285292,2.1678996905121504,4.534660289254576,4.234660289254577,False,-0.0497127843940419
8.684931506849315,4.6581263181800345,0.5809918253228235,0.6918220035526301,1.0,5.835776173698555,0.0,0.0,0.0311144600727356,0.4999620925285292,2.160906565450019,4.53946620700276,4.23946620700276,False,-0.0497878036338355
8.712328767123287,4.663412827703036,0.5819063905856695,0.6919058209975482,1.0,5.8415678110509335,0.0,0.0,0.0287812588474277,0.4999620925285292,2.153926530025457,4.544251906430863,4.244251906430863,False,-0.0498611420262272
8.73972602739726,4.6686770970739495,0.5828174615960776,0.6919887826782035,1.0,5.847335049383985,0.0,0.0,0.032693147560292,0.4999620925285292,2.146959517624817,4.549017500221306,4.249017500221306,False,-0.0499328157118215
8.767123287671232,4.673919250243437,0.5837250554655707,0.6920708972781999,1.0,5.853078024824776,0.0,0.0,0.032498088117229,0.4999620925285292,2.140005461614881,4.553763100309984,4.2537631003099845,False,-0.0500028406877364
8.794520547945204,4.679139410340984,0.5846291892111113,0.69215217339395,1.0,5.858796872598378,0.0,0.0,0.0298854625698004,0.4999620925285292,2.133064295342212,4.558488817891333,4.258488817891333,False,-0.0500712328089044
8.821917808219178,4.684337699680467,0.585529879755544,0.6922326195355339,1.0,5.864491727033989,0.0,0.0,0.0289701672300281,0.4999620925285292,2.1261359521325027,4.563194763423422,4.263194763423422,False,-0.0501380077893313
8.84931506849315,4.6895142397657645,0.5864271439280414,0.6923122441275499,1.0,5.870162721571048,0.0,0.0,0.03021260873898,0.4999620925285292,2.11922036528991,4.567881046632965,4.267881046632965,False,-0.0502031812033927
8.876712328767123,4.694669151296262,0.5873209984645491,0.6923910555099562,1.0,5.875809988765303,0.0,0.0,0.0320913629326417,0.4999620925285292,2.112317468096388,4.572547776520366,4.272547776520367,False,-0.0502667684870656
8.904109589041095,4.699802554172404,0.5882114600082334,0.692469061938906,1.0,5.881433660294872,0.0,0.0,0.0309155240433606,0.4999620925285292,2.105427193811009,4.577195061364681,4.277195061364681,False,-0.0503287849392029
8.931506849315069,4.70491456750115,0.5890985451099289,0.6925462715875736,1.0,5.887033866966244,0.0,0.0,0.0318263509676824,0.4999620925285292,2.0985494756692837,4.5818230087285965,4.281823008728597,False,-0.0503892457227484
8.95890410958904,4.710005309601457,0.5899822702285872,0.6926226925469733,1.0,5.89261073872028,0.0,0.0,0.0301963336563944,0.4999620925285292,2.091684246882465,4.586431725463369,4.286431725463369,False,-0.0504481658659746
8.986301369863014,4.715074898009706,0.5908626517317261,0.6926983328267697,1.0,5.898164404638162,0.0,0.0,0.0307975057756057,0.4999620925285292,2.084831440636856,4.591021317713734,4.291021317713734,False,-0.0505055602636934
9.013698630136986,4.720123449485108,0.5917397058958801,0.6927732003560816,1.0,5.9036949929473215,0.0,0.0,0.0287289336850947,0.4999620925285292,2.077990990093102,4.5955918909227975,4.295591890922798,False,-0.0505614436784628
9.041095890410958,4.7251510800150776,0.5926134489070501,0.692847302984277,1.0,5.909202631027339,0.0,0.0,0.0314093589738617,0.4999620925285292,2.071162828385477,4.600143549836896,4.300143549836896,False,-0.0506158307417776
9.068493150684931,4.730157904820587,0.5934838968611551,0.6929206484817613,1.0,5.914687445415807,0.0,0.0,0.0282144275587543,0.4999620925285292,2.064346888621168,4.604676398510433,4.304676398510433,False,-0.0506687359552549
9.095890410958903,4.735144038361477,0.594351065764483,0.6929932445407574,1.0,5.920149561814164,0.0,0.0,0.0311687887729109,0.4999620925285292,2.0575431038795475,4.609190540310695,4.309190540310695,False,-0.0507201736918017
9.123287671232877,4.740109594341765,0.5952149715341426,0.6930650987760792,1.0,5.925589105093499,0.0,0.0,0.0321643144099553,0.4999620925285292,2.05075140721144,4.613686077922615,4.313686077922615,False,-0.0507701581967899
9.150684931506849,4.7450546857148765,0.5960756299985147,0.6931362187258968,1.0,5.931006199300318,0.0,0.0,0.0277926170238092,0.4999620925285292,2.043971731638384,4.618163113353565,4.318163113353565,False,-0.0508187035891831
9.178082191780822,4.749979424688922,0.5969330568977044,0.6932066118524948,1.0,5.936400967662298,0.0,0.0,0.0306862784432515,0.4999620925285292,2.037204010151881,4.622621747938043,4.322621747938043,False,-0.050865823862712
9.205479452054794,4.754883922731848,0.5977872678839927,0.6932762855430235,1.0,5.941773532593975,0.0,0.0,0.0275705744893796,0.4999620925285292,2.0304481757126487,4.627062082342419,4.327062082342419,False,-0.0509115328869681
9.232876712328766,4.759768290576661,0.5986382785222886,0.6933452471102426,1.0,5.947124015702438,0.0,0.0,0.0313542937696285,0.4999620925285292,2.023704161249854,4.631484216569586,4.331484216569586,False,-0.0509558444085547
9.26027397260274,4.764632638226545,0.5994861042905805,0.6934135037932584,1.0,5.952452537792971,0.0,0.0,0.0275069593129411,0.4999620925285292,2.0169718996603487,4.635888249963607,4.335888249963607,False,-0.0509987720521882
9.287671232876711,4.769477074959968,0.6003307605803876,0.6934810627582528,1.0,5.95775921887465,0.0,0.0,0.0326156389362037,0.4999620925285292,2.0102513238078954,4.640274281214369,4.340274281214369,False,-0.0510403293217824
9.315068493150685,4.774301709335806,0.6011722626972114,0.6935479310992064,1.0,5.963044178165947,0.0,0.0,0.0278244475802268,0.4999620925285292,2.003542366522386,4.644642408362142,4.344642408362142,False,-0.051080529601571
9.342465753424657,4.779106649198356,0.6020106258609861,0.6936141158386142,1.0,5.9683075341002585,0.0,0.0,0.0327532814754544,0.4999620925285292,1.996844960599054,4.648992728802173,4.348992728802173,False,-0.0511193861571595
9.36986301369863,4.783892001682391,0.6028458652065298,0.6936796239281944,1.0,5.973549404331433,0.0,0.0,0.0318053050565105,0.4999620925285292,1.9901590387976804,4.653325339289219,4.353325339289219,False,-0.0511569121366148
9.397260273972602,4.788657873218141,0.6036779957839942,0.6937444622495905,1.0,5.978769905739248,0.0,0.0,0.0305620920267981,0.4999620925285292,1.983484533841792,4.6576403359420695,4.35764033594207,False,-0.0511931205715139
9.424657534246574,4.793404369536277,0.6045070325593137,0.6938086376150667,1.0,5.983969154434866,0.0,0.0,0.0316957446277772,0.4999620925285292,1.9768213784178528,4.66193781424802,4.36193781424802,False,-0.0512280243780109
9.452054794520548,4.798131595672823,0.6053329904146549,0.6938721567681965,1.0,5.989147265766245,0.0,0.0,0.0317706890338985,0.4999620925285292,1.9701695051744537,4.666217869067356,4.366217869067356,False,-0.0512616363578604
9.47945205479452,4.802839655974092,0.6061558841488651,0.6939350263845444,1.0,5.994304354323536,0.0,0.0,0.0326761623769039,0.4999620925285292,1.963528846721484,4.670480594637756,4.3704805946377565,False,-0.0512939691994713
9.506849315068491,4.8075286541015325,0.6069757284779194,0.693997253072342,1.0,5.999440533944422,0.0,0.0,0.0285203001230351,0.4999620925285292,1.956899335629311,4.674726084578735,4.374726084578735,False,-0.0513250354789085
9.534246575342465,4.812198693036609,0.6077925380353677,0.694058843373156,1.0,6.004555917719451,0.0,0.0,0.0305404553721498,0.4999620925285292,1.95028090442794,4.678954431895988,4.3789544318959885,False,-0.0513548476609284
9.561643835616438,4.816849875085588,0.6086063273727815,0.6941198037625519,1.0,6.009650617997319,0.0,0.0,0.0275702951853864,0.4999620925285292,1.943673485606176,4.683165728985771,4.383165728985771,False,-0.0513834180999654
9.58904109589041,4.821482301884349,0.6094171109601983,0.6941801406507488,1.0,6.014724746390122,0.0,0.0,0.0306969942001447,0.4999620925285292,1.937077011610776,4.687360067639199,4.387360067639199,False,-0.0514107590411444
9.616438356164384,4.82609607440312,0.6102249031865669,0.69423986038327,1.0,6.019778413778581,0.0,0.0,0.0280277478245567,0.4999620925285292,1.9304914148455925,4.691537539046579,4.391537539046579,False,-0.0514368826212455
9.643835616438356,4.830691292951237,0.6110297183601899,0.6942989692415861,1.0,6.024811730317238,0.0,0.0,0.0303897036688346,0.4999620925285292,1.923916627670715,4.695698233801635,4.395698233801635,False,-0.0514618008697136
9.671232876712327,4.835268057181799,0.6118315707091673,0.6943574734437523,1.0,6.0298248054396,0.0,0.0,0.030434583084203,0.4999620925285292,1.9173525824016016,4.699842241905797,4.399842241905797,False,-0.0514855257095901
9.6986301369863,4.839826466096377,0.6126304743818376,0.6944153791450397,1.0,6.034817747863278,0.0,0.0,0.0297959109178873,0.4999620925285292,1.9107992113082055,4.703969652772385,4.4039696527723855,False,-0.0515080689585036
9.726027397260273,4.844366618049625,0.6134264434472178,0.69447269243856,1.0,6.039790665595071,0.0,0.0,0.0301357906530787,0.4999620925285292,1.904256446614094,4.708080555230809,4.408080555230809,False,-0.0515294423296054
9.753424657534246,4.84888861075389,0.6142194918954436,0.6945294193558844,1.0,6.0447436659360205,0.0,0.0,0.0315835403400395,0.4999620925285292,1.8977242204955609,4.712175037530742,4.412175037530743,False,-0.0515496574325075
9.780821917808218,4.853392541283817,0.615009633638207,0.6945855658676569,1.0,6.049676855486456,0.0,0.0,0.0317954682990724,0.4999620925285292,1.891202465080734,4.716253187346229,4.416253187346229,False,-0.0515687257742386
9.808219178082192,4.857878506080853,0.6157968825091942,0.6946411378842006,1.0,6.054590340150965,0.0,0.0,0.0299529192934525,0.4999620925285292,1.8846911124486752,4.720315091779824,4.420315091779824,False,-0.0515866587601383
9.835616438356164,4.862346600957807,0.6165812522645201,0.6946961412561196,1.0,6.059484225143377,0.0,0.0,0.0305975606491356,0.4999620925285292,1.878190094628473,4.724360837366649,4.424360837366649,False,-0.0516034676948001
9.863013698630136,4.866796921103314,0.6173627565831644,0.6947505817748937,1.0,6.064358614991678,0.0,0.0,0.0325874174141406,0.4999620925285292,1.871699343598331,4.728390510078461,4.4283905100784615,False,-0.0516191637829641
9.89041095890411,4.871229561086308,0.6181414090674042,0.694804465173468,1.0,6.069213613542916,0.0,0.0,0.0277184015310067,0.4999620925285292,1.8652187912846456,4.732404195327674,4.432404195327674,False,-0.0516337581304237
9.91780821917808,4.875644614860442,0.6189172232432463,0.6948577971268369,1.0,6.074049323968063,0.0,0.0,0.0277026213954006,0.4999620925285292,1.858748369561084,4.73640197797136,4.43640197797136,False,-0.0516472617449139
9.945205479452056,4.880042175768496,0.6196902125608574,0.6949105832526218,1.0,6.078865848766847,0.0,0.0,0.0275262540714646,0.4999620925285292,1.852288010247649,4.740383942315228,4.440383942315228,False,-0.0516596855369938
9.972602739726026,4.884422336546751,0.6204603903949948,0.6949628291116436,1.0,6.08366328977256,0.0,0.0,0.0309471797102431,0.4999620925285292,1.845837645109741,4.74435017211756,4.44435017211756,False,-0.051671040320929
